测速日志 2026-10-07 00:53:17
速度阈值: 120KB/s
运行次数: 11
HTTPS验证: False

[2026-10-07 00:53:29] ✅ 通过阈值 HTTP测速: http://74.91.26.218:82/live/cctv1hd.m3u8
   速度: 197.27KB/s | 数据量: 0.2KB | 总耗时: 0.06s | 阈值: 120KB/s
[2026-10-07 00:53:29] ✅ 通过阈值 HTTP测速: http://74.91.26.218:82/live/cctv12hd.m3u8
   速度: 208.01KB/s | 数据量: 0.2KB | 总耗时: 0.06s | 阈值: 120KB/s
[2026-10-07 00:53:29] ✅ 通过阈值 HTTP测速: http://124.165.251.82:85/tsfile/live/0008_1.m3u8?key=txiptv&playlive=1&authid=0
   速度: 418.95KB/s | 数据量: 0.4KB | 总耗时: 0.52s | 阈值: 120KB/s
[2026-10-07 00:53:30] ✅ 通过阈值 HTTP测速: http://ali-m-l.cztv.com/channels/lantian/channel21/1080p.m3u8
   速度: 291.99KB/s | 数据量: 0.3KB | 总耗时: 1.25s | 阈值: 120KB/s
[2026-10-07 00:53:30] ✅ 通过阈值 HTTP测速: http://gmxw.7766.org:808/hls/96/index.m3u8
   速度: 244.14KB/s | 数据量: 0.2KB | 总耗时: 1.32s | 阈值: 120KB/s
[2026-10-07 00:53:30] ✅ 通过阈值 HTTP测速: http://gmxw.7766.org:808/hls/169/index.m3u8
   速度: 234.38KB/s | 数据量: 0.2KB | 总耗时: 1.33s | 阈值: 120KB/s
[2026-10-07 00:53:30] ✅ 通过阈值 HTTP测速: http://124.165.251.82:85/tsfile/live/0012_1.m3u8?key=txiptv&playlive=1&authid=0
   速度: 423.83KB/s | 数据量: 0.4KB | 总耗时: 1.40s | 阈值: 120KB/s
[2026-10-07 00:53:30] ✅ 通过阈值 HTTP测速: http://english-livetx.cgtn.com/hls/yypdyyctzb_hd.m3u8
   速度: 402.34KB/s | 数据量: 0.4KB | 总耗时: 0.96s | 阈值: 120KB/s
[2026-10-07 00:53:30] ✅ 通过阈值 HTTP测速: http://espanol-liveali.cgtn.com/hls/LSveOGBaBw41Ea7ukkVAUdKQ220802LSTexu6xAuFH8VZNBLE1ZNEa220802cd.m3u8
   速度: 428.71KB/s | 数据量: 0.4KB | 总耗时: 0.16s | 阈值: 120KB/s
[2026-10-07 00:53:30] ✅ HTTPS测速成功: https://0472.org/hls/cgtnx.m3u8
   速度: 183.59KB/s | 数据量: 0.2KB | 总耗时: 0.17s | 证书: 有效
[2026-10-07 00:53:30] ✅ HTTPS测速成功: https://0472.org/hls/cgtna.m3u8
   速度: 182.62KB/s | 数据量: 0.2KB | 总耗时: 0.17s | 证书: 有效
[2026-10-07 00:53:30] ✅ HTTPS测速成功: https://0472.org/hls/cgtn.m3u8
   速度: 125.98KB/s | 数据量: 0.1KB | 总耗时: 0.15s | 证书: 有效
[2026-10-07 00:53:31] 🚫 未达阈值 HTTP测速: http://drive.mxmy.net:8888/udp/239.3.1.188:8001
   速度: 0.00KB/s | 数据量: 0.0KB | 总耗时: 0.55s | 阈值: 120KB/s
[2026-10-07 00:53:31] ✅ 通过阈值 HTTP测速: http://gmxw.7766.org:808/hls/93/index.m3u8
   速度: 244.14KB/s | 数据量: 0.2KB | 总耗时: 2.36s | 阈值: 120KB/s
[2026-10-07 00:53:31] ✅ 通过阈值 HTTP测速: http://gmxw.7766.org:808/hls/102/index.m3u8
   速度: 234.38KB/s | 数据量: 0.2KB | 总耗时: 2.37s | 阈值: 120KB/s
[2026-10-07 00:53:31] ✅ HTTPS测速成功: https://live.264788.xyz/channel/diyijuchang?streamid=e9b0fb1ca135a4aeae12944494883794&livekey=01WgOR41rriMmMkzNsd0UoaxJRwetZdxIvtVk
   速度: 150920.85KB/s | 数据量: 7188.8KB | 总耗时: 0.55s | 证书: 有效
[2026-10-07 00:53:31] ✅ HTTPS测速成功: https://live.264788.xyz/channel/cctv17?streamid=348c8c0c04a6d2b900e5a3bcb4af8ce1&livekey=01WgOR41rriMmMkzNsd0UoaxJRwetZdxIvtVk
   速度: 132944.85KB/s | 数据量: 7188.8KB | 总耗时: 0.56s | 证书: 有效
[2026-10-07 00:53:31] ✅ HTTPS测速成功: https://live.264788.xyz/channel/fengyunjuchang?streamid=31e7b5b7032d25dd215a4069cdee1a48&livekey=01WgOR41rriMmMkzNsd0UoaxJRwetZdxIvtVk
   速度: 115234.92KB/s | 数据量: 7188.8KB | 总耗时: 0.59s | 证书: 有效
[2026-10-07 00:53:31] ✅ HTTPS测速成功: https://live.264788.xyz/channel/yangshiwenhuajingpin?streamid=bc185d1ef1e528922e83efd845006277&livekey=01WgOR41rriMmMkzNsd0UoaxJRwetZdxIvtVk
   速度: 100063.13KB/s | 数据量: 7188.8KB | 总耗时: 0.60s | 证书: 有效
[2026-10-07 00:53:31] ✅ HTTPS测速成功: https://live.264788.xyz/channel/huaijiujuchang?streamid=7e5d1abdddde08f588234f3f640f75ff&livekey=01WgOR41rriMmMkzNsd0UoaxJRwetZdxIvtVk
   速度: 85433.92KB/s | 数据量: 7188.8KB | 总耗时: 0.61s | 证书: 有效
[2026-10-07 00:53:32] ✅ 通过阈值 HTTP测速: http://gmxw.7766.org:808/hls/40/index.m3u8
   速度: 234.38KB/s | 数据量: 0.2KB | 总耗时: 0.71s | 阈值: 120KB/s
[2026-10-07 00:53:32] ✅ HTTPS测速成功: https://live.264788.xyz/channel/bingqikeji?streamid=530cb4e58bbc48b7fc26f5e0a2e47966&livekey=01WgOR41rriMmMkzNsd0UoaxJRwetZdxIvtVk
   速度: 38096.04KB/s | 数据量: 7188.8KB | 总耗时: 0.78s | 证书: 有效
[2026-10-07 00:53:32] ✅ HTTPS测速成功: https://live.264788.xyz/channel/guizhouweishi?streamid=091bd59ea031989839c23459bb8cc9d4&livekey=01WgOR41rriMmMkzNsd0UoaxJRwetZdxIvtVk
   速度: 242574.61KB/s | 数据量: 7188.8KB | 总耗时: 0.21s | 证书: 有效
[2026-10-07 00:53:32] ✅ 通过阈值 HTTP测速: http://live.zohi.tv/video/s10001-fztv-3/index.m3u8
   速度: 498.05KB/s | 数据量: 0.5KB | 总耗时: 0.85s | 阈值: 120KB/s
[2026-10-07 00:53:32] ✅ HTTPS测速成功: https://gcwbndali.v.myalicdn.com/gcwbnd/ipanda1000_2/index.m3u8
   速度: 382.81KB/s | 数据量: 0.4KB | 总耗时: 0.98s | 证书: 有效
[2026-10-07 00:53:32] ✅ 通过阈值 HTTP测速: http://111.59.139.82:11888/tsfile/live/0139_1.m3u8?key=txiptv&playlive=1&authid=0
   速度: 428.71KB/s | 数据量: 0.4KB | 总耗时: 0.49s | 阈值: 120KB/s
[2026-10-07 00:53:32] ✅ 通过阈值 HTTP测速: http://112.27.5.218:9901/tsfile/live/faacts/0138_1.m3u8?key=txiptv&playlive=1&authid=0
   速度: 290.04KB/s | 数据量: 0.3KB | 总耗时: 0.43s | 阈值: 120KB/s
[2026-10-07 00:53:32] ✅ HTTPS测速成功: https://live.264788.xyz/channel/ningxiaweishi?streamid=e1236348f815c36a0429357e5b5c5f10&livekey=01WgOR41rriMmMkzNsd0UoaxJRwetZdxIvtVk
   速度: 124190.24KB/s | 数据量: 7188.8KB | 总耗时: 0.18s | 证书: 有效
[2026-10-07 00:53:32] ✅ HTTPS测速成功: https://live.264788.xyz/channel/jiangxiweishi?streamid=555198f31caa33506ac6abb70d788959&livekey=01WgOR41rriMmMkzNsd0UoaxJRwetZdxIvtVk
   速度: 42172.02KB/s | 数据量: 7188.8KB | 总耗时: 0.34s | 证书: 有效
[2026-10-07 00:53:32] ✅ HTTPS测速成功: https://live.264788.xyz/channel/shanxiweishi?streamid=eeb7d60ca6e0db131ea7a092a3cd28d2&livekey=01WgOR41rriMmMkzNsd0UoaxJRwetZdxIvtVk
   速度: 194876.19KB/s | 数据量: 7188.8KB | 总耗时: 0.19s | 证书: 有效
[2026-10-07 00:53:32] ✅ 通过阈值 HTTP测速: http://61.136.172.236:9901/tsfile/live/0121_1.m3u8?key=txiptv&playlive=1&authid=0
   速度: 428.71KB/s | 数据量: 0.4KB | 总耗时: 0.49s | 阈值: 120KB/s
[2026-10-07 00:53:32] ✅ HTTPS测速成功: https://txmov2.a.kwimgs.com/bs3/video-hls/5199687338554291078_hlsb.m3u8
   速度: 1620.03KB/s | 数据量: 106.5KB | 总耗时: 0.51s | 证书: 有效
[2026-10-07 00:53:32] ✅ 通过阈值 HTTP测速: http://38.64.72.148:80/hls/modn/list/4007/playlist.m3u8
   速度: 227.54KB/s | 数据量: 0.2KB | 总耗时: 0.10s | 阈值: 120KB/s
[2026-10-07 00:53:33] ✅ HTTPS测速成功: https://live.264788.xyz/channel/shaanxiweishi?streamid=9dc887dba8ecb4e4143baf4f2373800c&livekey=01WgOR41rriMmMkzNsd0UoaxJRwetZdxIvtVk
   速度: 195933.59KB/s | 数据量: 7188.8KB | 总耗时: 0.17s | 证书: 有效
[2026-10-07 00:53:33] ✅ 通过阈值 HTTP测速: http://119.39.9.8:9901/tsfile/live/0118_1.m3u8
   速度: 2039.06KB/s | 数据量: 2.0KB | 总耗时: 0.52s | 阈值: 120KB/s
[2026-10-07 00:53:33] ✅ HTTPS测速成功: https://live.264788.xyz/channel/sichuanweishi4k?streamid=21be5901ee81559c827dc84e46f26452&livekey=01WgOR41rriMmMkzNsd0UoaxJRwetZdxIvtVk
   速度: 177517.30KB/s | 数据量: 7188.8KB | 总耗时: 0.19s | 证书: 有效
[2026-10-07 00:53:33] ✅ 通过阈值 HTTP测速: http://hlsal-ldvt.qing.mgtv.com/nn_live/nn_x64/dWlwPTEyNy4wLjAuMSZ1aWQ9cWluZy1jbXMmbm5fdGltZXpvbmU9OCZjZG5leF9pZD1hbF9obHNfbGR2dCZ1dWlkPTliODY4NmU5ZTM2YzYwMmMmZT02OTE0NjA0JnY9MSZpZD1ITldTWkdTVCZzPTcwN2RiYTc2YzJjNmJmMTQ4MmUyZGYzOWU2NWM3YWFi/HNWSZGST.m3u8
   速度: 225.59KB/s | 数据量: 0.2KB | 总耗时: 1.22s | 阈值: 120KB/s
[2026-10-07 00:53:33] ✅ 通过阈值 HTTP测速: http://218.13.170.98:9901/tsfile/live/0141_1.m3u8
   速度: 428.71KB/s | 数据量: 0.4KB | 总耗时: 1.55s | 阈值: 120KB/s
[2026-10-07 00:53:33] ✅ 通过阈值 HTTP测速: http://hlsal-ldvt.qing.mgtv.com/nn_live/nn_x64/Y2RuZXhfaWQ9YWxfaGxzX2xkdnQmZT02OTE0NjA0JnY9MSZpZD1ITldTWkdTVCZzPTcwN2RiYTc2YzJjNmJmMTQ4MmUyZGYzOWU2NWM3YWFi/HNWSZGST.m3u8
   速度: 225.59KB/s | 数据量: 0.2KB | 总耗时: 1.33s | 阈值: 120KB/s
[2026-10-07 00:53:33] ✅ HTTPS测速成功: https://live.264788.xyz/channel/xinjiangweishi?streamid=4f481f56ae39ce5d24203471de9df635&livekey=01WgOR41rriMmMkzNsd0UoaxJRwetZdxIvtVk
   速度: 210281.29KB/s | 数据量: 7188.8KB | 总耗时: 0.17s | 证书: 有效
[2026-10-07 00:53:33] ✅ HTTPS测速成功: https://live.264788.xyz/channel/xizangweishi?streamid=4b4e8ea919f1cfd5e43deed1d1675251&livekey=01WgOR41rriMmMkzNsd0UoaxJRwetZdxIvtVk
   速度: 43094.82KB/s | 数据量: 7188.8KB | 总耗时: 0.36s | 证书: 有效
[2026-10-07 00:53:33] ✅ 通过阈值 HTTP测速: http://112.27.5.218:9901/tsfile/live/0111_1.m3u8?key=txiptv&playlive=1&authid=0
   速度: 428.71KB/s | 数据量: 0.4KB | 总耗时: 0.52s | 阈值: 120KB/s
[2026-10-07 00:53:33] ✅ 通过阈值 HTTP测速: http://gmxw.7766.org:808/hls/45/index.m3u8
   速度: 237.30KB/s | 数据量: 0.2KB | 总耗时: 0.66s | 阈值: 120KB/s
[2026-10-07 00:53:33] ✅ HTTPS测速成功: https://hls-qhmh.lanzhousobey.cn/qhmh/mhds.m3u8
   速度: 299.80KB/s | 数据量: 0.3KB | 总耗时: 0.76s | 证书: 有效
[2026-10-07 00:53:33] ✅ 通过阈值 HTTP测速: http://218.84.12.186:8001/hls/main/playlist.m3u8?zxinjd;http://218.84.12.186:8001/hls/main/playlist.m3u8zxinjd
   速度: 326.17KB/s | 数据量: 0.3KB | 总耗时: 0.60s | 阈值: 120KB/s
[2026-10-07 00:53:34] ✅ 通过阈值 HTTP测速: http://ali-m-l.cztv.com/channels/lantian/channel001/1080p.m3u8
   速度: 291.99KB/s | 数据量: 0.3KB | 总耗时: 0.63s | 阈值: 120KB/s
[2026-10-07 00:53:34] ✅ 通过阈值 HTTP测速: http://ali-m-l.cztv.com/channels/lantian/channel01/1080p.m3u8
   速度: 289.06KB/s | 数据量: 0.3KB | 总耗时: 0.61s | 阈值: 120KB/s
[2026-10-07 00:53:34] ✅ 通过阈值 HTTP测速: http://61.136.172.236:9901/tsfile/live/0143_1.m3u8?key=txiptv&playlive=1&authid=0
   速度: 428.71KB/s | 数据量: 0.4KB | 总耗时: 0.50s | 阈值: 120KB/s
[2026-10-07 00:53:34] ✅ HTTPS测速成功: https://live.264788.xyz/channel/neimengguweishi?streamid=81a015dbecf3031d7d847b7a9b059f67&livekey=01WgOR41rriMmMkzNsd0UoaxJRwetZdxIvtVk
   速度: 107033.28KB/s | 数据量: 7188.8KB | 总耗时: 0.25s | 证书: 有效
[2026-10-07 00:53:35] 🚫 未达阈值 HTTP测速: http://222.128.55.152:9080/live/dwq.m3u8
   速度: 0.34KB/s | 数据量: 0.1KB | 总耗时: 1.53s | 阈值: 120KB/s
[2026-10-07 00:53:35] ✅ HTTPS测速成功: https://ali-m-l.cztv.com/channels/lantian/channel001/1080p.m3u8
   速度: 291.99KB/s | 数据量: 0.3KB | 总耗时: 1.72s | 证书: 有效
[2026-10-07 00:53:35] ✅ HTTPS测速成功: https://srs.iyb983.cn:443/video/CYS/index.m3u8
   速度: 447.27KB/s | 数据量: 0.4KB | 总耗时: 1.12s | 证书: 有效
[2026-10-07 00:53:35] ✅ HTTPS测速成功: https://srs.iyb983.cn/video/CYS/index.m3u8
   速度: 447.27KB/s | 数据量: 0.4KB | 总耗时: 1.11s | 证书: 有效
[2026-10-07 00:53:35] 🚫 未达阈值 HTTP测速: http://61.216.67.119:1935/bltvhd/bltv1/chunklist_w1266569526.m3u
   速度: 2.78KB/s | 数据量: 0.6KB | 总耗时: 0.65s | 阈值: 120KB/s
[2026-10-07 00:53:36] ✅ 通过阈值 HTTP测速: http://38.64.72.148:80/hls/modn/list/4009/playlist.m3u8
   速度: 227.54KB/s | 数据量: 0.2KB | 总耗时: 0.10s | 阈值: 120KB/s
[2026-10-07 00:53:36] ✅ 通过阈值 HTTP测速: http://38.64.72.148:80/hls/modn/list/4009/chunklist0.m3u8
   速度: 386.72KB/s | 数据量: 0.4KB | 总耗时: 0.10s | 阈值: 120KB/s
[2026-10-07 00:53:36] ✅ 通过阈值 HTTP测速: http://38.64.72.148/hls/modn/list/4009/playlist.m3u8
   速度: 227.54KB/s | 数据量: 0.2KB | 总耗时: 0.10s | 阈值: 120KB/s
[2026-10-07 00:53:36] ✅ HTTPS测速成功: https://5ddce30eb4b55.streamlock.net/bltvhd/bltv1/chunklist_w511254805.m3u8
   速度: 586.91KB/s | 数据量: 0.6KB | 总耗时: 0.95s | 证书: 有效
[2026-10-07 00:53:36] ✅ 通过阈值 HTTP测速: http://play1-qk.nmtv.cn/live/1769652018126032.m3u8
   速度: 320.31KB/s | 数据量: 0.3KB | 总耗时: 2.06s | 阈值: 120KB/s
[2026-10-07 00:53:36] ✅ HTTPS测速成功: https://liveout.xntv.tv/a65jur/96iln2.m3u8
   速度: 265.62KB/s | 数据量: 0.3KB | 总耗时: 1.82s | 证书: 有效
[2026-10-07 00:53:37] ✅ HTTPS测速成功: https://test1.live.sdetv.com.cn/live/dianshizhibo/playlist.m3u8
   速度: 208.01KB/s | 数据量: 0.2KB | 总耗时: 1.43s | 证书: 有效
[2026-10-07 00:53:37] ✅ 通过阈值 HTTP测速: http://183.237.95.108:9901/tsfile/live/1008_1.m3u8?key=txiptv&playlive=0&authid=0
   速度: 433.59KB/s | 数据量: 0.4KB | 总耗时: 1.50s | 阈值: 120KB/s
[2026-10-07 00:53:37] ✅ 通过阈值 HTTP测速: http://jsmov2.a.yximgs.com/bs3/video-hls/5232901391302199073_hlsb.m3u8
   速度: 58738.28KB/s | 数据量: 58.7KB | 总耗时: 0.48s | 阈值: 120KB/s
[2026-10-07 00:53:37] ✅ 通过阈值 HTTP测速: http://jsmov2.a.yximgs.com/bs3/video-hls/5250634317044855747_hlsb.m3u8
   速度: 239.06KB/s | 数据量: 61.4KB | 总耗时: 1.27s | 阈值: 120KB/s
[2026-10-07 00:53:37] ✅ HTTPS测速成功: https://txmov2.a.kwimgs.com/upic/2023/01/26/09/BMjAyMzAxMjYwOTE3NDVfNzM5MzQzNzIyXzk0NjI1OTUwNTA3XzBfMw==_b_B81ddda927d33445d544befd008e60109.mp4
   速度: 36195.88KB/s | 数据量: 182272.0KB | 总耗时: 5.48s | 证书: 有效
[2026-10-07 00:53:38] ✅ HTTPS测速成功: https://tylive.kan0512.com/norecord/csztv4k_4k.m3u8
   速度: 377.93KB/s | 数据量: 0.4KB | 总耗时: 1.03s | 证书: 有效
[2026-10-07 00:53:38] ✅ 通过阈值 HTTP测速: http://jsmov2.a.yximgs.com/bs3/video-hls/5216294367991385255_hlsb.m3u8
   速度: 285.19KB/s | 数据量: 67.6KB | 总耗时: 0.71s | 阈值: 120KB/s
[2026-10-07 00:53:38] ✅ HTTPS测速成功: https://vip.ffzy-play.com/20221018/1951_47e1adc8/index.m3u8
   速度: 398.44KB/s | 数据量: 0.4KB | 总耗时: 1.77s | 证书: 有效
[2026-10-07 00:53:38] ✅ HTTPS测速成功: https://vip.ffzy-play.com/20221018/1953_2d6ba500/index.m3u8
   速度: 398.44KB/s | 数据量: 0.4KB | 总耗时: 1.78s | 证书: 有效
[2026-10-07 00:53:39] ✅ HTTPS测速成功: https://vip.ffzy-play7.com/20230112/11082_fde1a94d/index.m3u8
   速度: 398.44KB/s | 数据量: 0.4KB | 总耗时: 1.81s | 证书: 有效
[2026-10-07 00:53:39] ✅ HTTPS测速成功: https://vd2.bdstatic.com/mda-sctj0f96cn79js4n/1080p/cae_h264/1774710384405617311/mda-sctj0f96cn79js4n.mp4
   速度: 612.61KB/s | 数据量: 3072.0KB | 总耗时: 5.19s | 证书: 有效
[2026-10-07 00:53:39] ✅ 通过阈值 HTTP测速: http://stream.hrbtv.net/yspd/sd/live.m3u8?zheild
   速度: 355.47KB/s | 数据量: 0.4KB | 总耗时: 0.71s | 阈值: 120KB/s
[2026-10-07 00:53:43] ✅ 通过阈值 HTTP测速: http://hls.nntv.cn/nnlive/YSYL_244.m3u8
   速度: 232.42KB/s | 数据量: 0.2KB | 总耗时: 5.25s | 阈值: 120KB/s
[2026-10-07 00:53:43] ✅ HTTPS测速成功: https://live.metshop.top/huya/23734246
   速度: 349.55KB/s | 数据量: 2048.0KB | 总耗时: 7.35s | 证书: 有效
[2026-10-07 00:53:44] ✅ HTTPS测速成功: https://live.metshop.top/huya/29465856
   速度: 708.38KB/s | 数据量: 4096.0KB | 总耗时: 7.20s | 证书: 有效
[2026-10-07 00:53:45] ✅ HTTPS测速成功: https://live.metshop.top/huya/11342412
   速度: 1083.96KB/s | 数据量: 6144.0KB | 总耗时: 6.66s | 证书: 有效
[2026-10-07 00:53:45] ✅ HTTPS测速成功: https://live.metshop.top/huya/29465852
   速度: 669.64KB/s | 数据量: 4096.0KB | 总耗时: 7.65s | 证书: 有效
[2026-10-07 00:53:45] ✅ HTTPS测速成功: https://live.metshop.top/huya/29982675
   速度: 356.77KB/s | 数据量: 2048.0KB | 总耗时: 6.91s | 证书: 有效
[2026-10-07 00:53:47] ✅ HTTPS测速成功: https://live.metshop.top/huya/23865161
   速度: 487.64KB/s | 数据量: 3072.0KB | 总耗时: 7.30s | 证书: 有效
[2026-10-07 00:53:47] ✅ HTTPS测速成功: https://vip.ffzy-play6.com/20221019/157_bf0740ee/index.m3u8
   速度: 398.44KB/s | 数据量: 0.4KB | 总耗时: 1.54s | 证书: 有效
[2026-10-07 00:53:47] ✅ HTTPS测速成功: https://live.metshop.top/huya/29465850
   速度: 478.92KB/s | 数据量: 3072.0KB | 总耗时: 7.76s | 证书: 有效
[2026-10-07 00:53:47] ✅ HTTPS测速成功: https://live.metshop.top/huya/11342424
   速度: 220.99KB/s | 数据量: 2048.0KB | 总耗时: 10.10s | 证书: 有效
[2026-10-07 00:53:48] ✅ HTTPS测速成功: https://live.metshop.top/huya/11352941
   速度: 310.58KB/s | 数据量: 3072.0KB | 总耗时: 10.63s | 证书: 有效
[2026-10-07 00:53:50] ✅ HTTPS测速成功: https://vip.ffzy-play1.com/20221018/478_c3afed66/index.m3u8
   速度: 398.44KB/s | 数据量: 0.4KB | 总耗时: 1.58s | 证书: 有效
[2026-10-07 00:53:50] ✅ HTTPS测速成功: https://live.metshop.top/huya/29465853
   速度: 508.45KB/s | 数据量: 3072.0KB | 总耗时: 7.04s | 证书: 有效
[2026-10-07 00:53:53] ✅ HTTPS测速成功: https://vip.ffzy-online.com/20221015/719_80ff87c2/index.m3u8
   速度: 398.44KB/s | 数据量: 0.4KB | 总耗时: 1.56s | 证书: 有效
[2026-10-07 00:53:53] ✅ HTTPS测速成功: https://live.metshop.top/huya/21059581
   速度: 560.61KB/s | 数据量: 3072.0KB | 总耗时: 6.22s | 证书: 有效
[2026-10-07 00:53:53] ✅ HTTPS测速成功: https://live.metshop.top/huya/29465849
   速度: 1029.70KB/s | 数据量: 7168.0KB | 总耗时: 7.89s | 证书: 有效
[2026-10-07 00:53:53] ✅ HTTPS测速成功: https://live.metshop.top/huya/29465848
   速度: 291.39KB/s | 数据量: 2048.0KB | 总耗时: 8.28s | 证书: 有效
[2026-10-07 00:53:54] ✅ HTTPS测速成功: https://live.metshop.top/huya/23824164
   速度: 750.32KB/s | 数据量: 5120.0KB | 总耗时: 8.51s | 证书: 有效
[2026-10-07 00:53:54] ✅ HTTPS测速成功: https://live.metshop.top/huya/11342428
   速度: 298.89KB/s | 数据量: 3072.0KB | 总耗时: 11.05s | 证书: 有效
[2026-10-07 00:53:55] ✅ HTTPS测速成功: https://live.metshop.top/huya/11342386
   速度: 266.08KB/s | 数据量: 2048.0KB | 总耗时: 8.15s | 证书: 有效
[2026-10-07 00:53:55] ✅ HTTPS测速成功: https://vip.ffzy-online.com/20221015/722_e32c42bc/index.m3u8
   速度: 398.44KB/s | 数据量: 0.4KB | 总耗时: 1.93s | 证书: 有效
[2026-10-07 00:53:56] ✅ HTTPS测速成功: https://live.metshop.top/huya/21059577
   速度: 247.42KB/s | 数据量: 2048.0KB | 总耗时: 9.25s | 证书: 有效
[2026-10-07 00:53:57] ✅ HTTPS测速成功: https://live.metshop.top/huya/21059574
   速度: 254.39KB/s | 数据量: 2048.0KB | 总耗时: 8.70s | 证书: 有效
[2026-10-07 00:53:59] ✅ HTTPS测速成功: https://live.metshop.top/huya/29465855
   速度: 417.56KB/s | 数据量: 3072.0KB | 总耗时: 8.73s | 证书: 有效
[2026-10-07 00:54:00] ✅ HTTPS测速成功: https://live.metshop.top/huya/11342390
   速度: 364.52KB/s | 数据量: 2048.0KB | 总耗时: 6.61s | 证书: 有效
[2026-10-07 00:54:00] ✅ HTTPS测速成功: https://live.metshop.top/huya/30080233
   速度: 343.02KB/s | 数据量: 2048.0KB | 总耗时: 7.16s | 证书: 有效
[2026-10-07 00:54:01] ✅ 通过阈值 HTTP测速: http://ali-m-l.cztv.com/channels/lantian/channel04/1080p.m3u8
   速度: 288.09KB/s | 数据量: 0.3KB | 总耗时: 0.89s | 阈值: 120KB/s
[2026-10-07 00:54:01] ✅ HTTPS测速成功: https://live.metshop.top/huya/11601968
   速度: 810.21KB/s | 数据量: 4096.0KB | 总耗时: 6.08s | 证书: 有效
[2026-10-07 00:54:02] ✅ HTTPS测速成功: https://live.metshop.top/huya/29465854
   速度: 959.42KB/s | 数据量: 5120.0KB | 总耗时: 7.91s | 证书: 有效
[2026-10-07 00:54:02] ✅ HTTPS测速成功: https://live.metshop.top/huya/11342421
   速度: 744.08KB/s | 数据量: 6144.0KB | 总耗时: 9.03s | 证书: 有效
[2026-10-07 00:54:03] ✅ HTTPS测速成功: https://ali-m-l.cztv.com/channels/lantian/channel004/1080p.m3u8
   速度: 291.99KB/s | 数据量: 0.3KB | 总耗时: 2.70s | 证书: 有效
[2026-10-07 00:54:04] ✅ HTTPS测速成功: https://live.metshop.top/huya/11342427
   速度: 259.16KB/s | 数据量: 2048.0KB | 总耗时: 8.95s | 证书: 有效
[2026-10-07 00:54:05] ✅ HTTPS测速成功: https://live.metshop.top/huya/21059579
   速度: 307.85KB/s | 数据量: 3072.0KB | 总耗时: 10.95s | 证书: 有效
[2026-10-07 00:54:06] ✅ HTTPS测速成功: https://live.metshop.top/huya/29465851
   速度: 486.53KB/s | 数据量: 4096.0KB | 总耗时: 9.15s | 证书: 有效
[2026-10-07 00:54:08] ✅ HTTPS测速成功: https://live.metshop.top/huya/30080229
   速度: 533.66KB/s | 数据量: 3072.0KB | 总耗时: 6.93s | 证书: 有效
[2026-10-07 00:54:08] ✅ HTTPS测速成功: https://live.metshop.top/huya/23903123
   速度: 247.30KB/s | 数据量: 2048.0KB | 总耗时: 9.60s | 证书: 有效
[2026-10-07 00:54:09] ✅ HTTPS测速成功: https://live.metshop.top/huya/11352935
   速度: 891.67KB/s | 数据量: 5120.0KB | 总耗时: 6.60s | 证书: 有效
[2026-10-07 00:54:10] ✅ HTTPS测速成功: https://live.metshop.top/huya/11602058
   速度: 1275.77KB/s | 数据量: 8192.0KB | 总耗时: 7.20s | 证书: 有效
[2026-10-07 00:54:11] ✅ 通过阈值 HTTP测速: http://live.metshop.top/huya/880261?cdn=alicdn
   速度: 1014.62KB/s | 数据量: 6144.0KB | 总耗时: 6.95s | 阈值: 120KB/s
[2026-10-07 00:54:12] ✅ HTTPS测速成功: https://live.metshop.top/huya/23863804
   速度: 137.46KB/s | 数据量: 2048.0KB | 总耗时: 15.94s | 证书: 有效
[2026-10-07 00:54:13] ✅ HTTPS测速成功: https://live.metshop.top/huya/11342414
   速度: 278.81KB/s | 数据量: 3072.0KB | 总耗时: 11.75s | 证书: 有效
[2026-10-07 00:54:13] ✅ 通过阈值 HTTP测速: http://live.metshop.top/huya/21059578?cdn=alicdn
   速度: 350.67KB/s | 数据量: 3072.0KB | 总耗时: 9.83s | 阈值: 120KB/s
[2026-10-07 00:54:15] ✅ 通过阈值 HTTP测速: http://live.metshop.top/huya/11342424?cdn=alicdn
   速度: 219.07KB/s | 数据量: 2048.0KB | 总耗时: 10.25s | 阈值: 120KB/s
[2026-10-07 00:54:16] ✅ 通过阈值 HTTP测速: http://live.metshop.top/huya/11602077?cdn=alicdn
   速度: 416.34KB/s | 数据量: 3072.0KB | 总耗时: 8.25s | 阈值: 120KB/s
[2026-10-07 00:54:18] ✅ 通过阈值 HTTP测速: http://live.metshop.top/huya/11352941?cdn=alicdn
   速度: 291.79KB/s | 数据量: 3072.0KB | 总耗时: 11.78s | 阈值: 120KB/s
[2026-10-07 00:54:18] ✅ 通过阈值 HTTP测速: http://live.metshop.top/huya/21059574?cdn=alicdn
   速度: 292.28KB/s | 数据量: 2048.0KB | 总耗时: 7.48s | 阈值: 120KB/s
[2026-10-07 00:54:20] ✅ 通过阈值 HTTP测速: http://live.metshop.top/huya/11342429?cdn=alicdn
   速度: 767.36KB/s | 数据量: 4096.0KB | 总耗时: 6.58s | 阈值: 120KB/s
[2026-10-07 00:54:20] ✅ 通过阈值 HTTP测速: http://live.metshop.top/huya/11336587?cdn=alicdn
   速度: 396.24KB/s | 数据量: 4096.0KB | 总耗时: 11.34s | 阈值: 120KB/s
[2026-10-07 00:54:21] ✅ 通过阈值 HTTP测速: http://live.metshop.top/huya/11342423?cdn=alicdn
   速度: 408.59KB/s | 数据量: 3072.0KB | 总耗时: 9.02s | 阈值: 120KB/s
[2026-10-07 00:54:21] ✅ 通过阈值 HTTP测速: http://live.metshop.top/huya/11602044?cdn=alicdn
   速度: 190.03KB/s | 数据量: 2048.0KB | 总耗时: 12.18s | 阈值: 120KB/s
[2026-10-07 00:54:22] ✅ HTTPS测速成功: https://txmov2.a.kwimgs.com/bs3/video-hls/5211790793651941963_hlsb.m3u8
   速度: 1736.34KB/s | 数据量: 42.9KB | 总耗时: 0.50s | 证书: 有效
[2026-10-07 00:54:23] ✅ 通过阈值 HTTP测速: http://live.metshop.top/huya/21059599?cdn=alicdn
   速度: 435.14KB/s | 数据量: 3072.0KB | 总耗时: 7.93s | 阈值: 120KB/s
[2026-10-07 00:54:24] ✅ 通过阈值 HTTP测速: http://live.metshop.top/huya/11352974?cdn=alicdn
   速度: 352.07KB/s | 数据量: 3072.0KB | 总耗时: 10.83s | 阈值: 120KB/s
[2026-10-07 00:54:24] ❌ HTTP测速失败: http://live.metshop.top/huya/11601977?cdn=alicdn
   错误: HTTPConnectionPool(host='al.flv.huya.com', port=80): Read timed out. | 域名: live.metshop.top
[2026-10-07 00:54:25] ✅ 通过阈值 HTTP测速: http://live.metshop.top/huya/11601971?cdn=alicdn
   速度: 901.58KB/s | 数据量: 5120.0KB | 总耗时: 6.54s | 阈值: 120KB/s
[2026-10-07 00:54:26] ✅ 通过阈值 HTTP测速: http://live.metshop.top/huya/21059585?cdn=alicdn
   速度: 347.04KB/s | 数据量: 3072.0KB | 总耗时: 9.40s | 阈值: 120KB/s
[2026-10-07 00:54:26] ✅ HTTPS测速成功: https://vip.ffzy-play7.com/20230116/11563_b9f44814/index.m3u8
   速度: 398.44KB/s | 数据量: 0.4KB | 总耗时: 1.99s | 证书: 有效
[2026-10-07 00:54:26] ✅ 通过阈值 HTTP测速: http://live.metshop.top/huya/21059587?cdn=alicdn
   速度: 735.58KB/s | 数据量: 5120.0KB | 总耗时: 8.10s | 阈值: 120KB/s
[2026-10-07 00:54:27] ✅ HTTPS测速成功: https://live.metshop.top/huya/23865142
   速度: 498.91KB/s | 数据量: 3072.0KB | 总耗时: 7.45s | 证书: 有效
[2026-10-07 00:54:28] ✅ HTTPS测速成功: https://live.metshop.top/huya/11352962
   速度: 537.27KB/s | 数据量: 3072.0KB | 总耗时: 6.54s | 证书: 有效
[2026-10-07 00:54:28] ✅ HTTPS测速成功: https://stream.ads.ottera.tv/playlist.m3u8?network_id=595
   速度: 636.72KB/s | 数据量: 0.6KB | 总耗时: 0.14s | 证书: 有效
[2026-10-07 00:54:30] ✅ 通过阈值 HTTP测速: http://live.metshop.top/huya/11352884?cdn=alicdn
   速度: 402.36KB/s | 数据量: 4096.0KB | 总耗时: 10.92s | 阈值: 120KB/s
[2026-10-07 00:54:31] ✅ 通过阈值 HTTP测速: http://jsmov2.a.yximgs.com/bs3/video-hls/5203346449046555193_hlsb.m3u8
   速度: 297.14KB/s | 数据量: 71.3KB | 总耗时: 0.73s | 阈值: 120KB/s
[2026-10-07 00:54:32] ✅ HTTPS测速成功: https://live.metshop.top/huya/23863796
   速度: 1027.14KB/s | 数据量: 6144.0KB | 总耗时: 6.71s | 证书: 有效
[2026-10-07 00:54:32] ✅ HTTPS测速成功: https://live.metshop.top/huya/11601986
   速度: 565.89KB/s | 数据量: 4096.0KB | 总耗时: 7.95s | 证书: 有效
[2026-10-07 00:54:33] ✅ HTTPS测速成功: https://tencentplay.gztv.com/live/nanguodushi.m3u8?txSecret=550af55c0ea34ce492748481415b6dfa&txTime=1903e7b17de
   速度: 300.78KB/s | 数据量: 0.3KB | 总耗时: 0.82s | 证书: 有效
[2026-10-07 00:54:33] ✅ 通过阈值 HTTP测速: http://ali-m-l.cztv.com/channels/lantian/channel008/1080p.m3u8
   速度: 291.99KB/s | 数据量: 0.3KB | 总耗时: 1.34s | 阈值: 120KB/s
[2026-10-07 00:54:34] ✅ HTTPS测速成功: https://live.metshop.top/huya/29465847
   速度: 606.06KB/s | 数据量: 4096.0KB | 总耗时: 7.93s | 证书: 有效
[2026-10-07 00:54:34] ✅ HTTPS测速成功: https://live.metshop.top/huya/21059585
   速度: 326.69KB/s | 数据量: 3072.0KB | 总耗时: 9.85s | 证书: 有效
[2026-10-07 00:54:34] ✅ HTTPS测速成功: https://live.metshop.top/huya/29465859
   速度: 200.79KB/s | 数据量: 2048.0KB | 总耗时: 12.50s | 证书: 有效
[2026-10-07 00:54:35] ✅ HTTPS测速成功: https://ali-m-l.cztv.com/channels/lantian/channel008/1080p.m3u8
   速度: 291.99KB/s | 数据量: 0.3KB | 总耗时: 0.86s | 证书: 有效
[2026-10-07 00:54:35] ✅ 通过阈值 HTTP测速: http://live.zohi.tv/video/s10001-fztv-4/index.m3u8
   速度: 498.05KB/s | 数据量: 0.5KB | 总耗时: 0.83s | 阈值: 120KB/s
[2026-10-07 00:54:36] 🚫 未达阈值 HTTP测速: http://drive.mxmy.net:8888/udp/239.3.1.164:8001
   速度: 0.00KB/s | 数据量: 0.0KB | 总耗时: 0.53s | 阈值: 120KB/s
[2026-10-07 00:54:36] ✅ HTTPS测速成功: https://live.metshop.top/huya/11342435
   速度: 423.16KB/s | 数据量: 4096.0KB | 总耗时: 10.42s | 证书: 有效
[2026-10-07 00:54:36] ✅ 通过阈值 HTTP测速: http://ebsonairios.ebs.co.kr/ebsutablet500k/tablet500k/playlist.m3u8
   速度: 122.07KB/s | 数据量: 0.1KB | 总耗时: 1.20s | 阈值: 120KB/s
[2026-10-07 00:54:36] ✅ HTTPS测速成功: https://live.metshop.top/huya/29465857
   速度: 502.03KB/s | 数据量: 4096.0KB | 总耗时: 9.18s | 证书: 有效
[2026-10-07 00:54:37] 🚫 未达阈值 HTTP测速: http://60.222.246.220:19433/hls1.m3u8
   速度: 0.74KB/s | 数据量: 0.2KB | 总耗时: 0.79s | 阈值: 120KB/s
[2026-10-07 00:54:37] ✅ HTTPS测速成功: https://satellitepull.cnr.cn/live/wx32dycjgb/playlist.m3u8
   速度: 314.45KB/s | 数据量: 0.3KB | 总耗时: 0.57s | 证书: 有效
[2026-10-07 00:54:37] 🚫 未达阈值 HTTP测速: http://stream3.jlntv.cn:80/aac_dfgb/playlist.m3u8
   速度: 90.82KB/s | 数据量: 0.1KB | 总耗时: 0.94s | 阈值: 120KB/s
[2026-10-07 00:54:38] ✅ 通过阈值 HTTP测速: http://ali-m-l.cztv.com/channels/lantian/channel009/1080p.m3u8
   速度: 289.06KB/s | 数据量: 0.3KB | 总耗时: 0.52s | 阈值: 120KB/s
[2026-10-07 00:54:38] ✅ 通过阈值 HTTP测速: http://175.155.106.72:89/live1/live1.m3u8?zsicd
   速度: 260.74KB/s | 数据量: 0.3KB | 总耗时: 0.54s | 阈值: 120KB/s
[2026-10-07 00:54:39] ✅ HTTPS测速成功: https://live.metshop.top/huya/11352876
   速度: 308.56KB/s | 数据量: 3072.0KB | 总耗时: 10.98s | 证书: 有效
[2026-10-07 00:54:39] 🚫 未达阈值 HTTP测速: http://live.qthnews.org.cn:1935/live/live1/800k/tzwj_video.m3u8
   速度: 1.80KB/s | 数据量: 0.5KB | 总耗时: 3.54s | 阈值: 120KB/s
[2026-10-07 00:54:40] ✅ HTTPS测速成功: https://live.metshop.top/huya/11601966
   速度: 379.63KB/s | 数据量: 2048.0KB | 总耗时: 6.49s | 证书: 有效
[2026-10-07 00:54:40] ✅ HTTPS测速成功: https://stream.sun0769.com/dgrtv1/mp4tv2_800/index.m3u8
   速度: 369.14KB/s | 数据量: 0.4KB | 总耗时: 1.41s | 证书: 有效
[2026-10-07 00:54:40] ✅ 通过阈值 HTTP测速: http://stream10.jlntv.cn/jiutaitv/sd/live.m3u8
   速度: 375.00KB/s | 数据量: 0.4KB | 总耗时: 1.74s | 阈值: 120KB/s
[2026-10-07 00:54:41] 🚫 未达阈值 HTTP测速: http://live.zzyxxw.com:85/live/xwzh.m3u8
   速度: 1.01KB/s | 数据量: 0.2KB | 总耗时: 0.85s | 阈值: 120KB/s
[2026-10-07 00:54:41] ✅ HTTPS测速成功: https://stream.sun0769.com/dgrtv1/mp4tv1_800/index.m3u8
   速度: 369.14KB/s | 数据量: 0.4KB | 总耗时: 1.35s | 证书: 有效
[2026-10-07 00:54:41] ✅ HTTPS测速成功: https://live.metshop.top/huya/11342413
   速度: 301.15KB/s | 数据量: 2048.0KB | 总耗时: 7.77s | 证书: 有效
[2026-10-07 00:54:42] ✅ HTTPS测速成功: https://live.metshop.top/huya/23903183
   速度: 140.93KB/s | 数据量: 2048.0KB | 总耗时: 15.57s | 证书: 有效
[2026-10-07 00:54:42] 🚫 未达阈值 HTTP测速: http://110.153.180.106:55555/out_3/index.m3u8
   速度: 79.10KB/s | 数据量: 0.1KB | 总耗时: 0.60s | 阈值: 120KB/s
[2026-10-07 00:54:42] ✅ HTTPS测速成功: https://hwapi.yntv.net/62hdvf/rjwt14.m3u8
   速度: 266.60KB/s | 数据量: 0.3KB | 总耗时: 1.12s | 证书: 无效
[2026-10-07 00:54:42] ✅ HTTPS测速成功: https://hwapi.yntv.net/62hdvf/q9vs1b.m3u8
   速度: 266.60KB/s | 数据量: 0.3KB | 总耗时: 2.08s | 证书: 无效
[2026-10-07 00:54:42] ✅ 通过阈值 HTTP测速: http://zbbf2.ahbztv.com/live/418.m3u8
   速度: 241.21KB/s | 数据量: 0.2KB | 总耗时: 1.54s | 阈值: 120KB/s
[2026-10-07 00:54:43] ✅ HTTPS测速成功: https://live.zzyxxw.com:2443/live/xwzh.m3u8
   速度: 239.26KB/s | 数据量: 0.2KB | 总耗时: 1.86s | 证书: 有效
[2026-10-07 00:54:43] 🚫 未达阈值 HTTP测速: http://110.153.180.106:55555/out_2/index.m3u8
   速度: 79.10KB/s | 数据量: 0.1KB | 总耗时: 1.35s | 阈值: 120KB/s
[2026-10-07 00:54:43] ✅ HTTPS测速成功: https://jwcdnqx.hebyun.com.cn/live/rqtv1/1500k/tzwj_video.m3u8
   速度: 54.24KB/s | 数据量: 0.5KB | 总耗时: 0.85s | 证书: 有效
[2026-10-07 00:54:43] 🚫 未达阈值 HTTP测速: http://110.153.180.106:55555/out_4/index.m3u8
   速度: 79.10KB/s | 数据量: 0.1KB | 总耗时: 1.52s | 阈值: 120KB/s
[2026-10-07 00:54:43] ✅ 通过阈值 HTTP测速: http://nklive.nbs.cn/hls/d511bc9d-a694-4453-b3a2-4fc842cc97a1/index.m3u8
   速度: 559.57KB/s | 数据量: 0.6KB | 总耗时: 0.16s | 阈值: 120KB/s
[2026-10-07 00:54:43] ✅ 通过阈值 HTTP测速: http://nklive.nbs.cn/hls/75b3c462-b831-4de7-a34b-5d3221db2069/index.m3u8
   速度: 559.57KB/s | 数据量: 0.6KB | 总耗时: 0.67s | 阈值: 120KB/s
[2026-10-07 00:54:44] ✅ HTTPS测速成功: https://satellitepull.cnr.cn/live/wxbjxwgb/playlist.m3u8
   速度: 312.50KB/s | 数据量: 0.3KB | 总耗时: 1.07s | 证书: 有效
[2026-10-07 00:54:44] ✅ 通过阈值 HTTP测速: http://tencentplay.gztv.com/live/nanguodushi.m3u8?txSecret=140110ae3d6c936a77f94c4f4d85b0d3&txTime=18d57929bd4
   速度: 300.78KB/s | 数据量: 0.3KB | 总耗时: 0.81s | 阈值: 120KB/s
[2026-10-07 00:54:44] 🚫 未达阈值 HTTP测速: http://stream3.jlntv.cn:80/aac_slgb/playlist.m3u8
   速度: 90.82KB/s | 数据量: 0.1KB | 总耗时: 0.68s | 阈值: 120KB/s
[2026-10-07 00:54:44] ✅ 通过阈值 HTTP测速: http://liveout.btzx.com.cn/62ds9e/4nxdih.m3u8?fbl=
   速度: 265.62KB/s | 数据量: 0.3KB | 总耗时: 1.71s | 阈值: 120KB/s
[2026-10-07 00:54:44] ✅ 通过阈值 HTTP测速: http://tvfile.jyrmt.cn/nmip-media/channellive/channel104452/playlist.m3u8
   速度: 265.62KB/s | 数据量: 0.3KB | 总耗时: 4.38s | 阈值: 120KB/s
[2026-10-07 00:54:45] ✅ HTTPS测速成功: https://jwcdnqx.hebyun.com.cn/live/xlzh/1500k/tzwj_video.m3u8
   速度: 506.84KB/s | 数据量: 0.5KB | 总耗时: 0.84s | 证书: 有效
[2026-10-07 00:54:45] ✅ HTTPS测速成功: https://satellitepull.cnr.cn/live/wxjlxcgb/playlist.m3u8
   速度: 312.50KB/s | 数据量: 0.3KB | 总耗时: 0.57s | 证书: 有效
[2026-10-07 00:54:45] ✅ 通过阈值 HTTP测速: http://stream.hrbtv.net/ylpd/sd/live.m3u8?zheild
   速度: 370.12KB/s | 数据量: 0.4KB | 总耗时: 0.55s | 阈值: 120KB/s
[2026-10-07 00:54:45] ✅ 通过阈值 HTTP测速: http://file.loulannews.cn/nmip-media/channellive/channel103824/playlist.m3u8
   速度: 271.48KB/s | 数据量: 0.3KB | 总耗时: 1.48s | 阈值: 120KB/s
[2026-10-07 00:54:46] ✅ 通过阈值 HTTP测速: http://615bbf179ba53515dccad7b1da5d1ad9.livehwc3.cn/hls.nntv.cn/nnlive/WLSH_24.m3u8?sub_m3u8=true&edge_slice=true&user_session_id=2598844eaee8a4265e706fc14b3fc11d
   速度: 264.65KB/s | 数据量: 0.3KB | 总耗时: 2.41s | 阈值: 120KB/s
[2026-10-07 00:54:46] ✅ 通过阈值 HTTP测速: http://stream.hrbtv.net/xwzh/sd/live.m3u8?zheild
   速度: 355.47KB/s | 数据量: 0.4KB | 总耗时: 0.61s | 阈值: 120KB/s
[2026-10-07 00:54:46] ✅ 通过阈值 HTTP测速: http://stream.hrbtv.net/shpd/sd/live.m3u8?zheild
   速度: 355.47KB/s | 数据量: 0.4KB | 总耗时: 0.57s | 阈值: 120KB/s
[2026-10-07 00:54:46] 🚫 未达阈值 HTTP测速: http://jrlive.jrntv.com/live/_definst_/shenghuos/playlist.m3u8?%E5%85%B3%E6%B3%A8%E5%BE%AE%E4%BF%A1%E5%85%AC%E4%BC%97%E5%8F%B7[%E6%99%B4%E5%9B%AD]
   速度: 9.07KB/s | 数据量: 0.2KB | 总耗时: 2.21s | 阈值: 120KB/s
[2026-10-07 00:54:46] 🚫 未达阈值 HTTP测速: http://jrlive.jrntv.com/live/_definst_/yingshis/chunklist_w1994429382.m3u8?zjiangsd
   速度: 18.51KB/s | 数据量: 0.3KB | 总耗时: 2.69s | 阈值: 120KB/s
[2026-10-07 00:54:46] ✅ 通过阈值 HTTP测速: http://stream.hrbtv.net/zxpd/sd/live.m3u8
   速度: 370.12KB/s | 数据量: 0.4KB | 总耗时: 0.60s | 阈值: 120KB/s
[2026-10-07 00:54:46] ✅ 通过阈值 HTTP测速: http://live.zohi.tv/video/s10001-fztv-1/index.m3u8
   速度: 498.05KB/s | 数据量: 0.5KB | 总耗时: 0.54s | 阈值: 120KB/s
[2026-10-07 00:54:47] ✅ HTTPS测速成功: https://stream.hrbtv.net/ylpd/sd/live.m3u8
   速度: 370.12KB/s | 数据量: 0.4KB | 总耗时: 1.28s | 证书: 有效
[2026-10-07 00:54:47] ✅ 通过阈值 HTTP测速: http://www.guzhenm.com:7001/hls/hd-live.m3u8
   速度: 181.64KB/s | 数据量: 0.2KB | 总耗时: 0.73s | 阈值: 120KB/s
[2026-10-07 00:54:47] 🚫 未达阈值 HTTP测速: http://jrlive.jrntv.com/live/_definst_/dangjians/playlist.m3u8?%E5%85%B3%E6%B3%A8%E5%BE%AE%E4%BF%A1%E5%85%AC%E4%BC%97%E5%8F%B7[%E6%99%B4%E5%9B%AD]
   速度: 12.83KB/s | 数据量: 0.2KB | 总耗时: 3.76s | 阈值: 120KB/s
[2026-10-07 00:54:47] ✅ 通过阈值 HTTP测速: http://play.kankanlive.com/live/1720583434627241.m3u8
   速度: 249.02KB/s | 数据量: 0.2KB | 总耗时: 1.29s | 阈值: 120KB/s
[2026-10-07 00:54:48] ✅ 通过阈值 HTTP测速: http://218.84.12.186:8002/hls/main/playlist.m3u8?zxinjd
   速度: 326.17KB/s | 数据量: 0.3KB | 总耗时: 0.59s | 阈值: 120KB/s
[2026-10-07 00:54:48] ✅ 通过阈值 HTTP测速: http://dspdhls.appcoo.com:8888/live/dspd/index.m3u8
   速度: 155.27KB/s | 数据量: 0.2KB | 总耗时: 0.64s | 阈值: 120KB/s
[2026-10-07 00:54:48] ✅ 通过阈值 HTTP测速: http://183.11.239.36:808/hls/18/index.m3u8
   速度: 244.14KB/s | 数据量: 0.2KB | 总耗时: 0.48s | 阈值: 120KB/s
[2026-10-07 00:54:48] ✅ HTTPS测速成功: https://live.metshop.top/huya/11352879
   速度: 156.41KB/s | 数据量: 2048.0KB | 总耗时: 14.27s | 证书: 有效
[2026-10-07 00:54:48] ✅ HTTPS测速成功: https://p2.vzan.com/slowlive/596867413819827251/live.m3u8?zbid=1725814272&tpid=1516989100&type=0
   速度: 688.48KB/s | 数据量: 0.7KB | 总耗时: 1.21s | 证书: 有效
[2026-10-07 00:54:48] ✅ HTTPS测速成功: https://play.kankanlive.com/live/1656487214793905.m3u8
   速度: 250.00KB/s | 数据量: 0.2KB | 总耗时: 0.92s | 证书: 有效
[2026-10-07 00:54:49] 🚫 未达阈值 HTTP测速: http://live1.gatv.com.cn:85/live/GGPD.m3u8
   速度: 0.91KB/s | 数据量: 0.2KB | 总耗时: 0.90s | 阈值: 120KB/s
[2026-10-07 00:54:49] 🚫 未达阈值 HTTP测速: http://live1.gatv.com.cn:85/live/GGPD_ggpdzm.m3u8
   速度: 0.97KB/s | 数据量: 0.3KB | 总耗时: 1.13s | 阈值: 120KB/s
[2026-10-07 00:54:49] ✅ 通过阈值 HTTP测速: http://tencentplay.gztv.com/live/xinwen.m3u8?txSecret=d2c2db0b598c02ec1b5623728434d367&txTime=18d57929bd3
   速度: 286.13KB/s | 数据量: 0.3KB | 总耗时: 0.92s | 阈值: 120KB/s
[2026-10-07 00:54:49] ✅ 通过阈值 HTTP测速: http://tencentplay.gztv.com/live/zonghes.m3u8?txSecret=c8dbe86d6f86eb1a21999ab479fd5667&txTime=18d3c4690e8
   速度: 289.06KB/s | 数据量: 0.3KB | 总耗时: 0.65s | 阈值: 120KB/s
[2026-10-07 00:54:50] ✅ HTTPS测速成功: https://jwcdnqx.hebyun.com.cn/live/pqzh/1500k/tzwj_video.m3u8
   速度: 504.88KB/s | 数据量: 0.5KB | 总耗时: 1.62s | 证书: 有效
[2026-10-07 00:54:50] ✅ HTTPS测速成功: https://hlscdn.liangtv.cn/live/0234c48e0bc24fe1b41b9999a253e581/1075ee38e04f490690f6a36a16e09c79.m3u8
   速度: 179.69KB/s | 数据量: 0.2KB | 总耗时: 0.33s | 证书: 有效
[2026-10-07 00:54:50] 🚫 未达阈值 HTTP测速: http://stream5.jlntv.cn/wq/playlist.m3u8
   速度: 91.80KB/s | 数据量: 0.1KB | 总耗时: 0.80s | 阈值: 120KB/s
[2026-10-07 00:54:50] ✅ HTTPS测速成功: https://tencentplay.gztv.com/live/zonghes.m3u8?txSecret=439b0fd2cf766b363c93a59cbcbe1370&txTime=18d00acf488
   速度: 289.06KB/s | 数据量: 0.3KB | 总耗时: 1.18s | 证书: 有效
[2026-10-07 00:54:50] ✅ 通过阈值 HTTP测速: http://tvfile.jyrmt.cn:80/nmip-media/channellive/channel104452/playlist.m3u8
   速度: 265.62KB/s | 数据量: 0.3KB | 总耗时: 4.04s | 阈值: 120KB/s
[2026-10-07 00:54:50] ✅ 通过阈值 HTTP测速: http://stream11.jlntv.cn/dehuitv/sd/live.m3u8
   速度: 370.12KB/s | 数据量: 0.4KB | 总耗时: 0.78s | 阈值: 120KB/s
[2026-10-07 00:54:51] 🚫 未达阈值 HTTP测速: http://stream8.jlntv.cn/dhtv/playlist.m3u8
   速度: 91.80KB/s | 数据量: 0.1KB | 总耗时: 0.83s | 阈值: 120KB/s
[2026-10-07 00:54:51] ✅ 通过阈值 HTTP测速: http://live.xysrmt.cn/shpd/sd/live.m3u8?zjiangsd
   速度: 370.12KB/s | 数据量: 0.4KB | 总耗时: 0.80s | 阈值: 120KB/s
[2026-10-07 00:54:51] ✅ HTTPS测速成功: https://play.kankanlive.com/live/1720583434627241.m3u8
   速度: 250.00KB/s | 数据量: 0.2KB | 总耗时: 1.12s | 证书: 有效
[2026-10-07 00:54:52] 🚫 未达阈值 HTTP测速: http://live.spccmc.com:90/live/spxwzh.m3u8?%E5%85%B3%E6%B3%A8%E5%BE%AE%E4%BF%A1%E5%85%AC%E4%BC%97%E5%8F%B7[%E6%99%B4%E5%9B%AD]
   速度: 0.89KB/s | 数据量: 0.2KB | 总耗时: 1.00s | 阈值: 120KB/s
[2026-10-07 00:54:52] ✅ HTTPS测速成功: https://live.metshop.top/douyu/3949681
   速度: 88.94KB/s | 数据量: 1024.0KB | 总耗时: 18.18s | 证书: 有效
[2026-10-07 00:54:52] ✅ HTTPS测速成功: https://jwcdnqx.hebyun.com.cn/live/clzhpd/1500k/tzwj_video.m3u8
   速度: 512.70KB/s | 数据量: 0.5KB | 总耗时: 0.85s | 证书: 有效
[2026-10-07 00:54:52] ✅ 通过阈值 HTTP测速: http://stream.jinjiang.tv/1/sd/live.m3u8?zfud
   速度: 315.43KB/s | 数据量: 0.3KB | 总耗时: 0.75s | 阈值: 120KB/s
[2026-10-07 00:54:53] ✅ 通过阈值 HTTP测速: http://tvpull.dxhmt.cn:9081/tv/11329-1.m3u8
   速度: 1960.94KB/s | 数据量: 2.0KB | 总耗时: 2.54s | 阈值: 120KB/s
[2026-10-07 00:54:53] 🚫 未达阈值 HTTP测速: http://live.daningtv.com/aac_dngb/playlist.m3u8
   速度: 67.38KB/s | 数据量: 0.1KB | 总耗时: 6.48s | 阈值: 120KB/s
[2026-10-07 00:54:53] ✅ HTTPS测速成功: https://live.gdtv.ah.cn/live/newsTV.m3u8
   速度: 333.98KB/s | 数据量: 0.3KB | 总耗时: 2.40s | 证书: 有效
[2026-10-07 00:54:53] ✅ 通过阈值 HTTP测速: http://live.xysrmt.cn/xwzh/sd/live.m3u8?zjiangsd"
   速度: 370.12KB/s | 数据量: 0.4KB | 总耗时: 3.03s | 阈值: 120KB/s
[2026-10-07 00:54:53] ✅ 通过阈值 HTTP测速: http://tvpull.dxhmt.cn:9081/tv/11481-1.m3u8
   速度: 1961.91KB/s | 数据量: 2.0KB | 总耗时: 0.03s | 阈值: 120KB/s
[2026-10-07 00:54:53] ✅ 通过阈值 HTTP测速: http://stream3.jlntv.cn:80/aac_lhgb/sd/live.m3u8
   速度: 497.07KB/s | 数据量: 0.5KB | 总耗时: 0.67s | 阈值: 120KB/s
[2026-10-07 00:54:53] 🚫 未达阈值 HTTP测速: http://zb.gxlbamc.com:1935/live/lbzh.stream/playlist.m3u8
   速度: 0.55KB/s | 数据量: 0.1KB | 总耗时: 0.99s | 阈值: 120KB/s
[2026-10-07 00:54:53] ✅ HTTPS测速成功: https://zb-live.ynurl.com/yimen/3b75a2f9-7941-46b7-992d-a9796fbca5fe.m3u8
   速度: 379.88KB/s | 数据量: 0.4KB | 总耗时: 1.04s | 证书: 有效
[2026-10-07 00:54:53] 🚫 未达阈值 HTTP测速: http://stream9.jlntv.cn:80/aac_huadiangb/playlist.m3u8
   速度: 89.84KB/s | 数据量: 0.1KB | 总耗时: 0.72s | 阈值: 120KB/s
[2026-10-07 00:54:53] RTMP检测异常: rtmp://tv.mcrm.org.cn:1935/channellive/tv01 | [Errno 2] No such file or directory: 'ffmpeg'
[2026-10-07 00:54:53] 🚫 未达阈值 HTTP测速: http://stream3.jlntv.cn:80/aac_mhkgb/playlist.m3u8
   速度: 90.82KB/s | 数据量: 0.1KB | 总耗时: 0.69s | 阈值: 120KB/s
[2026-10-07 00:54:54] 🚫 未达阈值 HTTP测速: http://live.iwcmt.cn:90/live/zhxw.m3u8
   速度: 1.03KB/s | 数据量: 0.2KB | 总耗时: 0.96s | 阈值: 120KB/s
[2026-10-07 00:54:54] ✅ 通过阈值 HTTP测速: http://play.jinnantv.top/live/JNTV1.m3u8?ztianjd
   速度: 250.98KB/s | 数据量: 0.3KB | 总耗时: 0.64s | 阈值: 120KB/s
[2026-10-07 00:54:54] ✅ 通过阈值 HTTP测速: http://file.ysxtv.cn/cms/videos/nmip-media/channellive/channel4/playlist.m3u8?zsicd
   速度: 265.62KB/s | 数据量: 0.3KB | 总耗时: 1.01s | 阈值: 120KB/s
[2026-10-07 00:54:54] ✅ 通过阈值 HTTP测速: http://stream5.jlntv.cn/wq/sd/live.m3u8
   速度: 478.52KB/s | 数据量: 0.5KB | 总耗时: 1.37s | 阈值: 120KB/s
[2026-10-07 00:54:54] ✅ HTTPS测速成功: https://play.kankanlive.com/live/1652755738635915.m3u8
   速度: 250.00KB/s | 数据量: 0.2KB | 总耗时: 0.74s | 证书: 有效
[2026-10-07 00:54:54] 🚫 未达阈值 HTTP测速: http://59.175.226.142:280/gb28181/xwzh.m3u8?zhubd
   速度: 0.98KB/s | 数据量: 0.3KB | 总耗时: 1.53s | 阈值: 120KB/s
[2026-10-07 00:54:55] ✅ 通过阈值 HTTP测速: http://ali-m-l.cztv.com/channels/lantian/channel006/720p.m3u8
   速度: 288.09KB/s | 数据量: 0.3KB | 总耗时: 0.74s | 阈值: 120KB/s
[2026-10-07 00:54:55] ✅ 通过阈值 HTTP测速: http://ali-m-l.cztv.com/channels/lantian/channel007/1080p.m3u8
   速度: 291.99KB/s | 数据量: 0.3KB | 总耗时: 0.68s | 阈值: 120KB/s
[2026-10-07 00:54:55] ✅ 通过阈值 HTTP测速: http://ali-m-l.cztv.com/channels/lantian/channel07/1080p.m3u8
   速度: 291.99KB/s | 数据量: 0.3KB | 总耗时: 0.56s | 阈值: 120KB/s
[2026-10-07 00:54:55] ✅ 通过阈值 HTTP测速: http://ali-m-l.cztv.com/channels/lantian/channel010/1080p.m3u8
   速度: 291.99KB/s | 数据量: 0.3KB | 总耗时: 0.45s | 阈值: 120KB/s
[2026-10-07 00:54:55] ✅ 通过阈值 HTTP测速: http://ali-m-l.cztv.com/channels/lantian/channel010/720p.m3u8
   速度: 287.11KB/s | 数据量: 0.3KB | 总耗时: 0.54s | 阈值: 120KB/s
[2026-10-07 00:54:55] ✅ 通过阈值 HTTP测速: http://ali-m-l.cztv.com/channels/lantian/channel004/1080p.m3u8
   速度: 291.99KB/s | 数据量: 0.3KB | 总耗时: 0.63s | 阈值: 120KB/s
[2026-10-07 00:54:55] ✅ 通过阈值 HTTP测速: http://ali-m-l.cztv.com/channels/lantian/channel12/720p.m3u8
   速度: 289.06KB/s | 数据量: 0.3KB | 总耗时: 0.65s | 阈值: 120KB/s
[2026-10-07 00:54:55] ✅ 通过阈值 HTTP测速: http://ali-m-l.cztv.com/channels/lantian/channel04/720p.m3u8
   速度: 287.11KB/s | 数据量: 0.3KB | 总耗时: 0.68s | 阈值: 120KB/s
[2026-10-07 00:54:56] ✅ 通过阈值 HTTP测速: http://ali-m-l.cztv.com/channels/lantian/channel007/720p.m3u8
   速度: 287.11KB/s | 数据量: 0.3KB | 总耗时: 0.71s | 阈值: 120KB/s
[2026-10-07 00:54:56] ✅ HTTPS测速成功: https://m3u8channel.yunxya.com/nmip-media/channellive/channel100028/playlist.m3u8
   速度: 271.48KB/s | 数据量: 0.3KB | 总耗时: 4.12s | 证书: 有效
[2026-10-07 00:54:56] ✅ 通过阈值 HTTP测速: http://ali-m-l.cztv.com/channels/lantian/channel006/1080p.m3u8
   速度: 289.06KB/s | 数据量: 0.3KB | 总耗时: 0.63s | 阈值: 120KB/s
[2026-10-07 00:54:56] ✅ 通过阈值 HTTP测速: http://ali-m-l.cztv.com/channels/lantian/channel07/720p.m3u8
   速度: 289.06KB/s | 数据量: 0.3KB | 总耗时: 0.74s | 阈值: 120KB/s
[2026-10-07 00:54:56] ✅ 通过阈值 HTTP测速: http://ali-m-l.cztv.com/channels/lantian/channel06/1080p.m3u8
   速度: 291.99KB/s | 数据量: 0.3KB | 总耗时: 0.48s | 阈值: 120KB/s
[2026-10-07 00:54:56] ✅ HTTPS测速成功: https://ali-m-l.cztv.com/channels/lantian/channel010/1080p.m3u8?
   速度: 291.99KB/s | 数据量: 0.3KB | 总耗时: 0.69s | 证书: 有效
[2026-10-07 00:54:56] ✅ HTTPS测速成功: https://ali-m-l.cztv.com/channels/lantian/channel007/1080p.m3u8?
   速度: 291.99KB/s | 数据量: 0.3KB | 总耗时: 0.69s | 证书: 有效
[2026-10-07 00:54:56] ✅ HTTPS测速成功: https://ali-m-l.cztv.com/channels/lantian/channel006/1080p.m3u8?
   速度: 289.06KB/s | 数据量: 0.3KB | 总耗时: 0.67s | 证书: 有效
[2026-10-07 00:54:56] ✅ HTTPS测速成功: https://m3u8channel-bx.yunxya.com/nmip-media/channellive/channel104666/playlist.m3u8
   速度: 271.48KB/s | 数据量: 0.3KB | 总耗时: 1.07s | 证书: 有效
[2026-10-07 00:54:57] ✅ 通过阈值 HTTP测速: http://ali-m-l.cztv.com/channels/lantian/channel06/720p.m3u8
   速度: 289.06KB/s | 数据量: 0.3KB | 总耗时: 0.86s | 阈值: 120KB/s
[2026-10-07 00:54:57] ✅ HTTPS测速成功: https://dxtx.hntv.tv/live/lypd.m3u8?txSecret=10c771842a0be59e8b575d765173ec96&txTime=7B923E0A&wsSecret=41543190cdf375f1c73207222bb96542&wsTime=1769313549
   速度: 280.27KB/s | 数据量: 0.3KB | 总耗时: 1.08s | 证书: 有效
[2026-10-07 00:54:57] ✅ 通过阈值 HTTP测速: http://ali-m-l.cztv.com/channels/lantian/channel003/1080p.m3u8
   速度: 291.99KB/s | 数据量: 0.3KB | 总耗时: 0.60s | 阈值: 120KB/s
[2026-10-07 00:54:57] ✅ 通过阈值 HTTP测速: http://ali-m-l.cztv.com/channels/lantian/channel03/720p.m3u8
   速度: 289.06KB/s | 数据量: 0.3KB | 总耗时: 0.71s | 阈值: 120KB/s
[2026-10-07 00:54:57] ✅ 通过阈值 HTTP测速: http://ali-m-l.cztv.com/channels/lantian/channel003/720p.m3u8
   速度: 289.06KB/s | 数据量: 0.3KB | 总耗时: 0.88s | 阈值: 120KB/s
[2026-10-07 00:54:57] ✅ HTTPS测速成功: https://radio.pull.hebtv.com/live/hebnczx.m3u8
   速度: 339.84KB/s | 数据量: 0.3KB | 总耗时: 3.16s | 证书: 有效
[2026-10-07 00:54:57] ✅ 通过阈值 HTTP测速: http://ali-m-l.cztv.com/channels/lantian/channel02/1080p.m3u8
   速度: 291.99KB/s | 数据量: 0.3KB | 总耗时: 0.73s | 阈值: 120KB/s
[2026-10-07 00:54:58] ✅ HTTPS测速成功: https://ali-m-l.cztv.com/channels/lantian/channel002/1080p.m3u8?
   速度: 291.99KB/s | 数据量: 0.3KB | 总耗时: 0.77s | 证书: 有效
[2026-10-07 00:54:58] ✅ 通过阈值 HTTP测速: http://play.kankanlive.com/live/1720408280309109.m3u8
   速度: 249.02KB/s | 数据量: 0.2KB | 总耗时: 0.71s | 阈值: 120KB/s
[2026-10-07 00:54:58] ✅ 通过阈值 HTTP测速: http://ali-xwl.cztv.com/live/channel021080Plxw.m3u8
   速度: 344.73KB/s | 数据量: 0.3KB | 总耗时: 1.59s | 阈值: 120KB/s
[2026-10-07 00:54:58] ✅ 通过阈值 HTTP测速: http://218.84.127.245:1026/hls/main1/playlist.m3u8?zxinjd,
   速度: 233.40KB/s | 数据量: 0.2KB | 总耗时: 0.58s | 阈值: 120KB/s
[2026-10-07 00:54:58] ✅ HTTPS测速成功: https://jwcdnqx.hebyun.com.cn/live/qinghe1/1500k/tzwj_video.m3u8
   速度: 513.67KB/s | 数据量: 0.5KB | 总耗时: 1.15s | 证书: 有效
[2026-10-07 00:54:58] ✅ 通过阈值 HTTP测速: http://ali-xwl.cztv.com/live/channel02720Plxw.m3u8
   速度: 474.61KB/s | 数据量: 0.5KB | 总耗时: 1.85s | 阈值: 120KB/s
[2026-10-07 00:54:58] ✅ 通过阈值 HTTP测速: http://jwplay.hebyun.com.cn/live/LPTV001/1500k/tzwj_video.m3u8
   速度: 513.67KB/s | 数据量: 0.5KB | 总耗时: 1.25s | 阈值: 120KB/s
[2026-10-07 00:54:59] 🚫 未达阈值 HTTP测速: http://222.179.42.129:8181/hls1.m3u8
   速度: 0.62KB/s | 数据量: 0.2KB | 总耗时: 0.77s | 阈值: 120KB/s
[2026-10-07 00:54:59] ✅ 通过阈值 HTTP测速: http://ali-m-l.cztv.com/channels/lantian/channel03/1080p.m3u8
   速度: 290.04KB/s | 数据量: 0.3KB | 总耗时: 2.54s | 阈值: 120KB/s
[2026-10-07 00:54:59] ✅ 通过阈值 HTTP测速: http://zbbf2.ahbztv.com/live/416.m3u8?zanhd
   速度: 246.09KB/s | 数据量: 0.2KB | 总耗时: 0.53s | 阈值: 120KB/s
[2026-10-07 00:54:59] ✅ HTTPS测速成功: https://satellitepull.cnr.cn/live/wxgsdstb/playlist.m3u8
   速度: 312.50KB/s | 数据量: 0.3KB | 总耗时: 1.08s | 证书: 有效
[2026-10-07 00:54:59] ✅ HTTPS测速成功: https://satellitepull.cnr.cn/live/wxgshhzs/playlist.m3u8
   速度: 312.50KB/s | 数据量: 0.3KB | 总耗时: 1.08s | 证书: 有效
[2026-10-07 00:55:00] ✅ HTTPS测速成功: https://live.264788.xyz/channel/fujianlvyou?streamid=fc58882de71ce4575b66002f2475226b&livekey=01WgOR41rriMmMkzNsd0UoaxJRwetZdxIvtVk
   速度: 200501.55KB/s | 数据量: 7188.8KB | 总耗时: 0.18s | 证书: 有效
[2026-10-07 00:55:00] ✅ HTTPS测速成功: https://live.264788.xyz/channel/fujianxiangcungonggong?streamid=1cf7fc3a8f6d160c33b43c2f9507a0cc&livekey=01WgOR41rriMmMkzNsd0UoaxJRwetZdxIvtVk
   速度: 158041.07KB/s | 数据量: 7188.8KB | 总耗时: 0.20s | 证书: 有效
[2026-10-07 00:55:00] ✅ 通过阈值 HTTP测速: http://satellitepull.cnr.cn/live/wx32dycjgb/playlist.m3u8
   速度: 259.77KB/s | 数据量: 0.3KB | 总耗时: 0.03s | 阈值: 120KB/s
[2026-10-07 00:55:00] ✅ 通过阈值 HTTP测速: http://stream3.jlntv.cn:80/aac_psgb/sd/live.m3u8
   速度: 497.07KB/s | 数据量: 0.5KB | 总耗时: 1.74s | 阈值: 120KB/s
[2026-10-07 00:55:00] ✅ 通过阈值 HTTP测速: http://live.zohi.tv:80/video/s10001-fztv-3/index.m3u8
   速度: 498.05KB/s | 数据量: 0.5KB | 总耗时: 1.60s | 阈值: 120KB/s
[2026-10-07 00:55:00] ✅ HTTPS测速成功: https://ali-m-l.cztv.com/channels/lantian/channel003/1080p.m3u8?
   速度: 291.99KB/s | 数据量: 0.3KB | 总耗时: 0.70s | 证书: 有效
[2026-10-07 00:55:01] ✅ 通过阈值 HTTP测速: http://satellitepull.cnr.cn/live/wx32fjxwgb/playlist.m3u8
   速度: 259.77KB/s | 数据量: 0.3KB | 总耗时: 1.03s | 阈值: 120KB/s
[2026-10-07 00:55:01] ✅ 通过阈值 HTTP测速: http://live.shaoxing.com.cn/video/s10001-sxtv2/index.m3u8
   速度: 681.64KB/s | 数据量: 0.7KB | 总耗时: 0.51s | 阈值: 120KB/s
[2026-10-07 00:55:01] 🚫 未达阈值 HTTP测速: http://traffic.jbh.tjbh.com/live/bhtv10/playlist.m3u8
   速度: 0.81KB/s | 数据量: 0.1KB | 总耗时: 3.54s | 阈值: 120KB/s
[2026-10-07 00:55:01] ✅ 通过阈值 HTTP测速: http://play.kankanlive.com/live/1720408089419110.m3u8
   速度: 249.02KB/s | 数据量: 0.2KB | 总耗时: 2.45s | 阈值: 120KB/s
[2026-10-07 00:55:01] ✅ 通过阈值 HTTP测速: http://stream8.jlntv.cn/shulan/sd/live.m3u8?_upt=332db6421699196585
   速度: 482.42KB/s | 数据量: 0.5KB | 总耗时: 0.66s | 阈值: 120KB/s
[2026-10-07 00:55:01] ✅ 通过阈值 HTTP测速: http://satellitepull.cnr.cn/live/wx32fjdnjjgb/playlist.m3u8
   速度: 261.72KB/s | 数据量: 0.3KB | 总耗时: 1.04s | 阈值: 120KB/s
[2026-10-07 00:55:01] ✅ HTTPS测速成功: https://stream.hrbtv.net/zxpd/sd/live.m3u8
   速度: 370.12KB/s | 数据量: 0.4KB | 总耗时: 1.22s | 证书: 有效
[2026-10-07 00:55:01] ✅ 通过阈值 HTTP测速: http://tvpull.dxhmt.cn:9081/tv/10182-1.m3u8
   速度: 1960.94KB/s | 数据量: 2.0KB | 总耗时: 0.03s | 阈值: 120KB/s
[2026-10-07 00:55:01] ✅ HTTPS测速成功: https://live-auth.51kandianshi.com/szgd/csztv3.m3u8
   速度: 286.13KB/s | 数据量: 0.3KB | 总耗时: 0.63s | 证书: 有效
[2026-10-07 00:55:01] ✅ HTTPS测速成功: https://live-auth.51kandianshi.com/szgd/csztv2.m3u8
   速度: 286.13KB/s | 数据量: 0.3KB | 总耗时: 0.64s | 证书: 有效
[2026-10-07 00:55:01] ✅ HTTPS测速成功: https://live-auth.51kandianshi.com/szgd/csztv1.m3u8
   速度: 286.13KB/s | 数据量: 0.3KB | 总耗时: 0.75s | 证书: 有效
[2026-10-07 00:55:01] ✅ HTTPS测速成功: https://live-auth.51kandianshi.com/szgd/csztv5.m3u8
   速度: 286.13KB/s | 数据量: 0.3KB | 总耗时: 0.76s | 证书: 有效
[2026-10-07 00:55:02] 🚫 未达阈值 HTTP测速: http://stream3.jlntv.cn:80/aac_thxgb/playlist.m3u8
   速度: 89.84KB/s | 数据量: 0.1KB | 总耗时: 0.67s | 阈值: 120KB/s
[2026-10-07 00:55:02] ✅ 通过阈值 HTTP测速: http://play-sh13.quklive.com/live/1702360350551252.m3u8?auth_key=2037107484-800189c57a5a44d3b823b60cf84f6756-0-a6f6828a62d5c167cff5e68735fa0d39
   速度: 1008.79KB/s | 数据量: 1.0KB | 总耗时: 0.81s | 阈值: 120KB/s
[2026-10-07 00:55:02] ✅ HTTPS测速成功: https://play.kankanlive.com/live/1683944827526991.m3u8
   速度: 250.00KB/s | 数据量: 0.2KB | 总耗时: 0.77s | 证书: 有效
[2026-10-07 00:55:02] ✅ 通过阈值 HTTP测速: http://stream5.jlntv.cn/hn/sd/live.m3u8
   速度: 463.87KB/s | 数据量: 0.5KB | 总耗时: 1.01s | 阈值: 120KB/s
[2026-10-07 00:55:03] ✅ HTTPS测速成功: https://p2hs.vzan.com/slowlive/317913155078575177/live.m3u8
   速度: 683.59KB/s | 数据量: 0.7KB | 总耗时: 2.13s | 证书: 有效
[2026-10-07 00:55:03] ✅ HTTPS测速成功: https://liveplay-srs.voc.com.cn/hls/tv/183_554704.m3u8
   速度: 453.12KB/s | 数据量: 0.5KB | 总耗时: 1.12s | 证书: 有效
[2026-10-07 00:55:03] ✅ HTTPS测速成功: https://jwplay.hebyun.com.cn:443/live/xtsrmtzs/1500k/tzwj_video.m3u8
   速度: 526.37KB/s | 数据量: 0.5KB | 总耗时: 0.86s | 证书: 有效
[2026-10-07 00:55:04] ✅ HTTPS测速成功: https://jwcdnqx.hebyun.com.cn/live/hdgg/1500k/tzwj_video.m3u8
   速度: 149.41KB/s | 数据量: 0.1KB | 总耗时: 0.83s | 证书: 有效
[2026-10-07 00:55:04] ✅ 通过阈值 HTTP测速: http://stream.jmtv.com.cn/xwzh/sd/live.m3u8
   速度: 356.45KB/s | 数据量: 0.4KB | 总耗时: 2.90s | 阈值: 120KB/s
[2026-10-07 00:55:04] ✅ 通过阈值 HTTP测速: http://jwplay.hebyun.com.cn/live/xtsrmtzs/1500k/tzwj_video.m3u8
   速度: 526.37KB/s | 数据量: 0.5KB | 总耗时: 1.65s | 阈值: 120KB/s
[2026-10-07 00:55:04] ✅ HTTPS测速成功: https://jwcdnqx.hebyun.com.cn/live/hdxwzh/1500k/tzwj_video.m3u8
   速度: 484.38KB/s | 数据量: 0.5KB | 总耗时: 0.89s | 证书: 有效
[2026-10-07 00:55:04] ✅ HTTPS测速成功: https://zb-live.ynurl.com/tonghai/3bfe3a9e-48e6-4c1e-8770-1df66447cc6c.m3u8
   速度: 381.84KB/s | 数据量: 0.4KB | 总耗时: 0.89s | 证书: 有效
[2026-10-07 00:55:04] ✅ HTTPS测速成功: https://jwcdnqx.hebyun.com.cn/live/xtcsshpd/1500k/tzwj_video.m3u8
   速度: 519.53KB/s | 数据量: 0.5KB | 总耗时: 1.53s | 证书: 有效
[2026-10-07 00:55:05] ✅ HTTPS测速成功: https://satellitepull.cnr.cn/live/wxcqxwgb/playlist.m3u8
   速度: 312.50KB/s | 数据量: 0.3KB | 总耗时: 1.06s | 证书: 有效
[2026-10-07 00:55:05] ✅ HTTPS测速成功: https://jwcdnqx.hebyun.com.cn/live/hdkj/1500k/tzwj_video.m3u8
   速度: 478.52KB/s | 数据量: 0.5KB | 总耗时: 1.10s | 证书: 有效
[2026-10-07 00:55:05] ✅ 通过阈值 HTTP测速: http://stream8.jlntv.cn/cbstv/sd/live.m3u8?zjild
   速度: 492.19KB/s | 数据量: 0.5KB | 总耗时: 0.71s | 阈值: 120KB/s
[2026-10-07 00:55:05] ✅ 通过阈值 HTTP测速: http://qcfile.qcrmt.com/nmip-media/channellive/channel100933/playlist.m3u8
   速度: 265.62KB/s | 数据量: 0.3KB | 总耗时: 1.32s | 阈值: 120KB/s
[2026-10-07 00:55:06] 🚫 未达阈值 HTTP测速: http://stream9.jlntv.cn:80/aac_jygb/playlist.m3u8
   速度: 89.84KB/s | 数据量: 0.1KB | 总耗时: 1.61s | 阈值: 120KB/s
[2026-10-07 00:55:06] 🚫 未达阈值 HTTP测速: http://stream9.jlntv.cn:80/aac_longjinggb/playlist.m3u8
   速度: 90.82KB/s | 数据量: 0.1KB | 总耗时: 0.79s | 阈值: 120KB/s
[2026-10-07 00:55:06] ✅ HTTPS测速成功: https://0472.org/hls/cgtnd.m3u8
   速度: 125.98KB/s | 数据量: 0.1KB | 总耗时: 0.11s | 证书: 有效
[2026-10-07 00:55:06] ✅ HTTPS测速成功: https://m3u8channel-yj.yunxya.com/nmip-media/channellive/channel101140/playlist.m3u8
   速度: 271.48KB/s | 数据量: 0.3KB | 总耗时: 1.98s | 证书: 有效
[2026-10-07 00:55:07] ✅ 通过阈值 HTTP测速: http://hplayer1.juyun.tv:80/camera/11344136.m3u8
   速度: 238.28KB/s | 数据量: 0.2KB | 总耗时: 2.69s | 阈值: 120KB/s
[2026-10-07 00:55:07] ✅ 通过阈值 HTTP测速: http://stream5.jlntv.cn/df/sd/live.m3u8?zjild
   速度: 463.87KB/s | 数据量: 0.5KB | 总耗时: 0.67s | 阈值: 120KB/s
[2026-10-07 00:55:07] ✅ HTTPS测速成功: https://english-livetx.cgtn.com/hls/yypdjlctzb_hd.m3u8
   速度: 402.34KB/s | 数据量: 0.4KB | 总耗时: 0.62s | 证书: 有效
[2026-10-07 00:55:07] ✅ HTTPS测速成功: https://stream.jmtv.com.cn/xwzh/playlist.m3u8?_upt=3e28e7271664278691
   速度: 68.36KB/s | 数据量: 0.1KB | 总耗时: 1.09s | 证书: 有效
[2026-10-07 00:55:07] ✅ 通过阈值 HTTP测速: http://newcntv.qcloudcdn.com/asp/hls/4000/0303000a/3/default/2bdfdad540b342f592f9817cb7f3b79a/4000.m3u8
   速度: 7620.12KB/s | 数据量: 7.6KB | 总耗时: 1.02s | 阈值: 120KB/s
[2026-10-07 00:55:07] 🚫 未达阈值 HTTP测速: http://183.64.174.171:40123/ch1.m3u8?zzhongqd
   速度: 0.04KB/s | 数据量: 0.1KB | 总耗时: 3.85s | 阈值: 120KB/s
[2026-10-07 00:55:08] ✅ 通过阈值 HTTP测速: http://newcntv.qcloudcdn.com/asp/hls/4000/0303000a/3/default/93fc12dbf14241c18c23da104fbade23/4000.m3u8
   速度: 979.49KB/s | 数据量: 1.0KB | 总耗时: 0.83s | 阈值: 120KB/s
[2026-10-07 00:55:08] ✅ 通过阈值 HTTP测速: http://ali-m-l.cztv.com/channels/lantian/channel012/1080p.m3u8
   速度: 291.99KB/s | 数据量: 0.3KB | 总耗时: 0.66s | 阈值: 120KB/s
[2026-10-07 00:55:08] ✅ 通过阈值 HTTP测速: http://newcntv.qcloudcdn.com/asp/hls/1200/0303000a/3/default/c6baf6f74bb944aeacee1065ea72c798/1200.m3u8
   速度: 4420.90KB/s | 数据量: 4.4KB | 总耗时: 0.51s | 阈值: 120KB/s
[2026-10-07 00:55:08] ✅ 通过阈值 HTTP测速: http://newcntv.qcloudcdn.com/asp/hls/1200/0303000a/3/default/1425e1d505654cb48ba82b807b221193/1200.m3u8
   速度: 4116.21KB/s | 数据量: 4.1KB | 总耗时: 0.85s | 阈值: 120KB/s
[2026-10-07 00:55:08] ✅ 通过阈值 HTTP测速: http://stream5.jlntv.cn/sl/sd/live.m3u8?zjild
   速度: 478.52KB/s | 数据量: 0.5KB | 总耗时: 0.67s | 阈值: 120KB/s
[2026-10-07 00:55:09] ✅ HTTPS测速成功: https://ali-m-l.cztv.com/channels/lantian/channel012/1080p.m3u8
   速度: 291.99KB/s | 数据量: 0.3KB | 总耗时: 0.88s | 证书: 有效
[2026-10-07 00:55:09] ✅ 通过阈值 HTTP测速: http://222.179.155.21:1935/ch1.m3u8?zzhongqd
   速度: 405.27KB/s | 数据量: 0.4KB | 总耗时: 0.53s | 阈值: 120KB/s
[2026-10-07 00:55:09] ✅ 通过阈值 HTTP测速: http://stream10.jlntv.cn/huadian/sd/live.m3u8?zjild
   速度: 370.12KB/s | 数据量: 0.4KB | 总耗时: 0.65s | 阈值: 120KB/s
[2026-10-07 00:55:09] ✅ 通过阈值 HTTP测速: http://stream5.jlntv.cn/lh/sd/live.m3u8?zjild
   速度: 463.87KB/s | 数据量: 0.5KB | 总耗时: 0.73s | 阈值: 120KB/s
[2026-10-07 00:55:09] ✅ HTTPS测速成功: https://ali-m-l.cztv.com/channels/lantian/channel12/720p.m3u8
   速度: 289.06KB/s | 数据量: 0.3KB | 总耗时: 1.36s | 证书: 有效
[2026-10-07 00:55:09] ✅ 通过阈值 HTTP测速: http://stream8.jlntv.cn/hctv/sd/live.m3u8?zjild
   速度: 472.66KB/s | 数据量: 0.5KB | 总耗时: 0.72s | 阈值: 120KB/s
[2026-10-07 00:55:09] ✅ HTTPS测速成功: https://liveout.btzx.com.cn/62ds9e/6o77s4.m3u8?zxinjd
   速度: 265.62KB/s | 数据量: 0.3KB | 总耗时: 1.10s | 证书: 有效
[2026-10-07 00:55:10] 🚫 未达阈值 HTTP测速: http://stream8.jlntv.cn/baishan2/playlist.m3u8?zjild
   速度: 90.82KB/s | 数据量: 0.1KB | 总耗时: 0.70s | 阈值: 120KB/s
[2026-10-07 00:55:10] ✅ 通过阈值 HTTP测速: http://stream5.jlntv.cn/ps/sd/live.m3u8?zjild
   速度: 463.87KB/s | 数据量: 0.5KB | 总耗时: 0.69s | 阈值: 120KB/s
[2026-10-07 00:55:10] ✅ 通过阈值 HTTP测速: http://stream5.jlntv.cn/thx/sd/live.m3u8?zjild
   速度: 483.40KB/s | 数据量: 0.5KB | 总耗时: 0.67s | 阈值: 120KB/s
[2026-10-07 00:55:10] ✅ 通过阈值 HTTP测速: http://stream8.jlntv.cn/jytv/sd/live.m3u8?zjild
   速度: 472.66KB/s | 数据量: 0.5KB | 总耗时: 0.68s | 阈值: 120KB/s
[2026-10-07 00:55:10] ✅ 通过阈值 HTTP测速: http://hslive.hsnewsnet.com/lsdream/iY92ady/1000/live.m3u8?zanhd
   速度: 352.54KB/s | 数据量: 0.4KB | 总耗时: 5.20s | 阈值: 120KB/s
[2026-10-07 00:55:10] ✅ 通过阈值 HTTP测速: http://hslive.hsnewsnet.com/lsdream/hve9Wjs/1000/live.m3u8
   速度: 352.54KB/s | 数据量: 0.4KB | 总耗时: 5.20s | 阈值: 120KB/s
[2026-10-07 00:55:10] ✅ HTTPS测速成功: https://satellitepull.cnr.cn/live/wx32nmgyygb/playlist.m3u8
   速度: 315.43KB/s | 数据量: 0.3KB | 总耗时: 0.07s | 证书: 有效
[2026-10-07 00:55:10] ✅ 通过阈值 HTTP测速: http://61.221.215.25:8800/hls/49/index.m3u8
   速度: 252.93KB/s | 数据量: 0.3KB | 总耗时: 0.46s | 阈值: 120KB/s
[2026-10-07 00:55:10] ✅ 通过阈值 HTTP测速: http://stream8.jlntv.cn/ljtv/sd/live.m3u8?zjild
   速度: 472.66KB/s | 数据量: 0.5KB | 总耗时: 0.70s | 阈值: 120KB/s
[2026-10-07 00:55:10] ✅ HTTPS测速成功: https://AMChls.wns.live/hls/stream.m3u8
   速度: 701.17KB/s | 数据量: 0.7KB | 总耗时: 0.35s | 证书: 无效
[2026-10-07 00:55:10] ✅ HTTPS测速成功: https://txmov2.a.kwimgs.com/bs3/video-hls/5195746663405928031_hlsb.m3u8
   速度: 1929.77KB/s | 数据量: 149.3KB | 总耗时: 0.31s | 证书: 有效
[2026-10-07 00:55:11] ✅ HTTPS测速成功: https://hls.cntv.lxdns.com/asp/hls/2000/0303000a/3/default/f0a47e155d32450daa1d36a04fd7d262/2000.m3u8
   速度: 5388.67KB/s | 数据量: 5.4KB | 总耗时: 0.82s | 证书: 有效
[2026-10-07 00:55:11] ✅ HTTPS测速成功: https://txmov2.a.kwimgs.com/bs3/video-hls/5216575810935394655_hlsb.m3u8
   速度: 1578.94KB/s | 数据量: 153.8KB | 总耗时: 0.32s | 证书: 有效
[2026-10-07 00:55:11] ✅ HTTPS测速成功: https://live.264788.xyz/channel/fengyunyinyue?streamid=1b41fb9153cba3ee19bd5d1b323da27e&livekey=01WgOR41rriMmMkzNsd0UoaxJRwetZdxIvtVk
   速度: 201199.94KB/s | 数据量: 7188.8KB | 总耗时: 0.19s | 证书: 有效
[2026-10-07 00:55:11] ✅ HTTPS测速成功: https://txmov2.a.kwimgs.com/bs3/video-hls/5194620763762726260_hlsb.m3u8
   速度: 1617.79KB/s | 数据量: 157.5KB | 总耗时: 0.39s | 证书: 有效
[2026-10-07 00:55:11] ✅ HTTPS测速成功: https://www.wxhcgbds.com:8081/channelTv/WXTV_1.m3u8?zshanxd
   速度: 2119.14KB/s | 数据量: 2.1KB | 总耗时: 2.13s | 证书: 无效
[2026-10-07 00:55:11] ✅ HTTPS测速成功: https://play.yunxya.com/channellive/xinwen.m3u8
   速度: 363.28KB/s | 数据量: 0.4KB | 总耗时: 2.50s | 证书: 有效
[2026-10-07 00:55:11] ✅ HTTPS测速成功: https://newcntv.qcloudcdn.com/asp/hls/2000/0303000a/3/default/d2454bbb542d4613a9db478dab2addfd/2000.m3u8
   速度: 5678.71KB/s | 数据量: 5.7KB | 总耗时: 1.16s | 证书: 有效
[2026-10-07 00:55:16] ✅ HTTPS测速成功: https://alimov2.a.kwimgs.com/upic/2023/01/13/22/BMjAyMzAxMTMyMjEwMDNfNDAzMDAxOTlfOTM1MTIzMzYxMjNfMF8z_b_B3dde97f36273f04403d4dc5eec611a35.mp4
   速度: 66726.15KB/s | 数据量: 333824.0KB | 总耗时: 5.11s | 证书: 有效
[2026-10-07 00:55:16] ✅ HTTPS测速成功: https://alimov2.a.kwimgs.com/upic/2023/01/13/22/BMjAyMzAxMTMyMjEwMDNfNDAzMDAxOTlfOTM1MTIzMzYwODJfMF8z_b_B647d10e431b4cc5e48e6c77347d69021.mp4
   速度: 63587.73KB/s | 数据量: 318464.0KB | 总耗时: 5.14s | 证书: 有效
[2026-10-07 00:55:16] ✅ HTTPS测速成功: https://alimov2.a.kwimgs.com/upic/2023/01/13/20/BMjAyMzAxMTMyMDA5MjJfNDAzMDAxOTlfOTM0OTkwNDQwNzVfMF8z_b_B811c0dec6b9a3d3074a18522c185010a.mp4
   速度: 66273.43KB/s | 数据量: 331776.0KB | 总耗时: 5.16s | 证书: 有效
[2026-10-07 00:55:16] ✅ HTTPS测速成功: https://alimov2.a.kwimgs.com/upic/2023/01/13/21/BMjAyMzAxMTMyMTE4MzRfNDAzMDAxOTlfOTM1MDY4ODIxMTNfMF8z_b_Bdddf4e7ef0ff6cfd477857bb40e78419.mp4
   速度: 67372.03KB/s | 数据量: 336896.0KB | 总耗时: 5.12s | 证书: 有效
[2026-10-07 00:55:16] ✅ HTTPS测速成功: https://alimov2.a.kwimgs.com/upic/2023/01/13/20/BMjAyMzAxMTMyMDA5MjJfNDAzMDAxOTlfOTM0OTkwNDQyMDFfMF8z_b_B70592cb7c4054e9cabb675e849bbf4bd.mp4
   速度: 65034.70KB/s | 数据量: 325632.0KB | 总耗时: 5.11s | 证书: 有效
[2026-10-07 00:55:16] ✅ HTTPS测速成功: https://alimov2.a.kwimgs.com/upic/2023/01/13/21/BMjAyMzAxMTMyMTE4MzRfNDAzMDAxOTlfOTM1MDY4ODIxNDdfMF8z_b_Ba6271d10b7e6cfae83759033a091f257.mp4
   速度: 61942.72KB/s | 数据量: 310272.0KB | 总耗时: 5.14s | 证书: 有效
[2026-10-07 00:55:16] ✅ HTTPS测速成功: https://alimov2.a.kwimgs.com/upic/2023/01/14/23/BMjAyMzAxMTQyMzQxNDdfNDAzMDAxOTlfOTM2MTU0MTk1NDFfMF8z_b_B182749d2cd2ea9323639254af385f24b.mp4
   速度: 65937.51KB/s | 数据量: 329728.0KB | 总耗时: 5.15s | 证书: 有效
[2026-10-07 00:55:17] ✅ HTTPS测速成功: https://alimov2.a.kwimgs.com/upic/2023/01/13/21/BMjAyMzAxMTMyMTE4MzRfNDAzMDAxOTlfOTM1MDY4ODIxOTVfMF8z_b_B86c4430b82ff5a7f4e8132f6ee558536.mp4
   速度: 66909.87KB/s | 数据量: 334848.0KB | 总耗时: 5.11s | 证书: 有效
[2026-10-07 00:55:18] ✅ HTTPS测速成功: https://live.metshop.top/huya/29465858
   速度: 703.47KB/s | 数据量: 5120.0KB | 总耗时: 8.53s | 证书: 有效
[2026-10-07 00:55:21] ✅ HTTPS测速成功: https://svip.high24-playback.com/20250129/17159_7bca93c4/2000k/hls/mixed.m3u8
   速度: 397.46KB/s | 数据量: 0.4KB | 总耗时: 1.43s | 证书: 有效
[2026-10-07 00:55:21] ✅ HTTPS测速成功: https://alimov2.a.kwimgs.com/upic/2023/01/13/20/BMjAyMzAxMTMyMDA5MjJfNDAzMDAxOTlfOTM0OTkwNDQyNzlfMF8z_b_Bbc3703fc331dc994c50859c19aad28ff.mp4
   速度: 76938.70KB/s | 数据量: 385024.0KB | 总耗时: 5.15s | 证书: 有效
[2026-10-07 00:55:21] ✅ HTTPS测速成功: https://alimov2.a.kwimgs.com/upic/2023/01/13/20/BMjAyMzAxMTMyMDA5MjJfNDAzMDAxOTlfOTM0OTkwNDQyMzhfMF8z_b_B35ad7cc86aec8fc9e5ddfb31fc7bed63.mp4
   速度: 75810.90KB/s | 数据量: 379904.0KB | 总耗时: 5.18s | 证书: 有效
[2026-10-07 00:55:21] ✅ HTTPS测速成功: https://alimov2.a.kwimgs.com/upic/2023/01/13/20/BMjAyMzAxMTMyMDA5MjJfNDAzMDAxOTlfOTM0OTkwNDQ0MjlfMF8z_b_B8818807a00eed329a69fb494f405bd43.mp4
   速度: 75851.86KB/s | 数据量: 379904.0KB | 总耗时: 5.11s | 证书: 有效
[2026-10-07 00:55:22] ✅ HTTPS测速成功: https://alimov2.a.kwimgs.com/upic/2023/01/06/16/BMjAyMzAxMDYxNjMxMTNfNDAzMDAxOTlfOTI4OTY2ODAzNjlfMF8z_b_Bdee65c77f9e7b2120a185c919dad81d2.mp4
   速度: 75771.21KB/s | 数据量: 378880.0KB | 总耗时: 5.13s | 证书: 有效
[2026-10-07 00:55:22] ✅ 通过阈值 HTTP测速: http://tvcdn.stream3.hndt.com/tv/65bef28a017e10009c49d5f900000000_transios/playlist.m3u8?wsSecret=3af6c2f865cd8880cdc99f76e21752d9&wsTime=1791317001
   速度: 348.63KB/s | 数据量: 0.3KB | 总耗时: 0.53s | 阈值: 120KB/s
[2026-10-07 00:55:22] ✅ HTTPS测速成功: https://alimov2.a.kwimgs.com/upic/2023/01/06/16/BMjAyMzAxMDYxNjMxMTRfNDAzMDAxOTlfOTI4OTY2ODE2MTBfMF8z_b_B11a778e34390a21de42d407e94f45b91.mp4
   速度: 78337.74KB/s | 数据量: 392192.0KB | 总耗时: 5.12s | 证书: 有效
[2026-10-07 00:55:22] ✅ HTTPS测速成功: https://alimov2.a.kwimgs.com/upic/2023/01/13/20/BMjAyMzAxMTMyMDA5MjJfNDAzMDAxOTlfOTM0OTkwNDQzOTBfMF8z_b_B29a36a85e0277f6c2a1f033ef7c10708.mp4
   速度: 43597.78KB/s | 数据量: 251904.0KB | 总耗时: 5.90s | 证书: 有效
[2026-10-07 00:55:22] ✅ 通过阈值 HTTP测速: http://tvcdn.stream3.hndt.com/tv/65bb6966017e100059b75a8500000000_transios/playlist.m3u8?wsSecret=be133c9bc711890feaea8997b491dbf3&wsTime=1791317001
   速度: 349.61KB/s | 数据量: 0.3KB | 总耗时: 1.03s | 阈值: 120KB/s
[2026-10-07 00:55:22] ✅ 通过阈值 HTTP测速: http://tvcdn.stream3.hndt.com/tv/65c3fbc5017e1000fde13faa00000000_transios/playlist.m3u8?wsSecret=92b45fb2a6ca44b7454b6f23d5f38056&wsTime=1791317001
   速度: 349.61KB/s | 数据量: 0.3KB | 总耗时: 1.03s | 阈值: 120KB/s
[2026-10-07 00:55:22] ✅ HTTPS测速成功: https://alimov2.a.kwimgs.com/upic/2023/01/13/20/BMjAyMzAxMTMyMDA5MjJfNDAzMDAxOTlfOTM0OTkwNDQ1NjNfMF8z_b_B4fea55408dca4471a68a963ae096be59.mp4
   速度: 66204.75KB/s | 数据量: 376832.0KB | 总耗时: 5.85s | 证书: 有效
[2026-10-07 00:55:22] ✅ 通过阈值 HTTP测速: http://tvcdn.stream3.hndt.com/tv/65c4a6d5017e1000b2b6ea2500000000_transios/playlist.m3u8?wsSecret=194506e596784251ac70387dcd998039&wsTime=1791317001
   速度: 349.61KB/s | 数据量: 0.3KB | 总耗时: 1.74s | 阈值: 120KB/s
[2026-10-07 00:55:23] ✅ 通过阈值 HTTP测速: http://tvcdn.stream3.hndt.com/tv/65bd329b017e1000648cd2ed00000000_transios/playlist.m3u8?wsSecret=423d49485c56e654f235683a43ae0e51&wsTime=1791317001
   速度: 349.61KB/s | 数据量: 0.3KB | 总耗时: 0.53s | 阈值: 120KB/s
[2026-10-07 00:55:23] ✅ 通过阈值 HTTP测速: http://tvcdn.stream3.hndt.com/tv/65be54a9017e1000af59fb4800000000_transios/playlist.m3u8?wsSecret=a5d47541501de847340f74ddafa53988&wsTime=1791317001
   速度: 349.61KB/s | 数据量: 0.3KB | 总耗时: 1.03s | 阈值: 120KB/s
[2026-10-07 00:55:23] ✅ 通过阈值 HTTP测速: http://tvcdn.stream3.hndt.com/tv/65b93894017e10000ae6b07d00000000_transios/playlist.m3u8?wsSecret=f01aa3ca97395ae63abd3aee53f93397&wsTime=1791317001
   速度: 349.61KB/s | 数据量: 0.3KB | 总耗时: 1.03s | 阈值: 120KB/s
[2026-10-07 00:55:23] ✅ 通过阈值 HTTP测速: http://tvcdn.stream3.hndt.com/tv/647f9277018410008cf925e200000000_transios/playlist.m3u8?wsSecret=bfee080abd11489174f361f9d63c9f39&wsTime=1791317001
   速度: 349.61KB/s | 数据量: 0.3KB | 总耗时: 0.53s | 阈值: 120KB/s
[2026-10-07 00:55:23] ✅ 通过阈值 HTTP测速: http://tvcdn.stream3.hndt.com/tv/65b8302b017e100019dc540f00000000_transios/playlist.m3u8?wsSecret=813444ffd75ec0b2aa73ab959851889f&wsTime=1791317001
   速度: 348.63KB/s | 数据量: 0.3KB | 总耗时: 1.02s | 阈值: 120KB/s
[2026-10-07 00:55:23] ✅ 通过阈值 HTTP测速: http://38.75.136.137:98/gslb/dsdqbv/cctv1hd.m3u8?auth=test20251009
   速度: 205.08KB/s | 数据量: 0.2KB | 总耗时: 0.12s | 阈值: 120KB/s
[2026-10-07 00:55:24] ✅ 通过阈值 HTTP测速: http://tvcdn.stream3.hndt.com/tv/65ba653b017e1000d4ee41c700000000_transios/playlist.m3u8?wsSecret=2da1b11c2d4ca2e10302af0f6e1fc221&wsTime=1791317001
   速度: 349.61KB/s | 数据量: 0.3KB | 总耗时: 1.02s | 阈值: 120KB/s
[2026-10-07 00:55:24] ✅ 通过阈值 HTTP测速: http://198.204.228.26/live/cctv1hd.m3u8
   速度: 205.08KB/s | 数据量: 0.2KB | 总耗时: 0.06s | 阈值: 120KB/s
[2026-10-07 00:55:24] ✅ HTTPS测速成功: https://dxtx.hntv.tv/live/jczy.m3u8?txSecret=e785008e49564e5e738439b4dd2ae68e&txTime=7C4C6207&wsSecret=54363d6bb74ee51478c8d24f8b548dbe&wsTime=1791317001
   速度: 280.27KB/s | 数据量: 0.3KB | 总耗时: 0.87s | 证书: 有效
[2026-10-07 00:55:24] ✅ 通过阈值 HTTP测速: http://107.150.60.122/live/cctv2hd.m3u8
   速度: 198.24KB/s | 数据量: 0.2KB | 总耗时: 0.06s | 阈值: 120KB/s
[2026-10-07 00:55:24] ✅ 通过阈值 HTTP测速: http://219.147.245.238:25480/newlive/live/hls/1/live.m3u8
   速度: 226.56KB/s | 数据量: 0.2KB | 总耗时: 1.30s | 阈值: 120KB/s
[2026-10-07 00:55:24] ✅ HTTPS测速成功: https://dxtx.hntv.tv/live/wssj.m3u8?txSecret=c38b4d31ba4c45c6babb5c47132123e3&txTime=7ABB976A&wsSecret=434b66289d8f8873a074c46e8daff222&wsTime=1791317001
   速度: 280.27KB/s | 数据量: 0.3KB | 总耗时: 1.10s | 证书: 有效
[2026-10-07 00:55:24] ✅ HTTPS测速成功: https://alimov2.a.kwimgs.com/upic/2023/01/13/20/BMjAyMzAxMTMyMDA5MjJfNDAzMDAxOTlfOTM0OTkwNDQzMjNfMF8z_b_B00b069c7899976459ceeaa99353dfefe.mp4
   速度: 33511.46KB/s | 数据量: 264192.0KB | 总耗时: 8.00s | 证书: 有效
[2026-10-07 00:55:24] ✅ HTTPS测速成功: https://dxtx.hntv.tv/live/wwbk.m3u8?txSecret=317b89626134fd6bea6e129455b5ff18&txTime=7C4C635C&wsSecret=a0ede53e7fa9aa9ad1f604817043cfaa&wsTime=1791317001
   速度: 280.27KB/s | 数据量: 0.3KB | 总耗时: 1.16s | 证书: 有效
[2026-10-07 00:55:24] ✅ 通过阈值 HTTP测速: http://74.91.26.218:82/live/cctv4hd.m3u8
   速度: 205.08KB/s | 数据量: 0.2KB | 总耗时: 0.06s | 阈值: 120KB/s
[2026-10-07 00:55:24] ✅ 通过阈值 HTTP测速: http://58.56.162.102:4466/newlive/live/hls/2/live.m3u8
   速度: 226.56KB/s | 数据量: 0.2KB | 总耗时: 0.54s | 阈值: 120KB/s
[2026-10-07 00:55:24] ✅ 通过阈值 HTTP测速: http://107.150.60.122/live/cctv5hd.m3u8
   速度: 199.22KB/s | 数据量: 0.2KB | 总耗时: 0.06s | 阈值: 120KB/s
[2026-10-07 00:55:24] ✅ 通过阈值 HTTP测速: http://173.208.212.130:8181/1080p/cctv6.m3u8
   速度: 201.17KB/s | 数据量: 0.2KB | 总耗时: 0.06s | 阈值: 120KB/s
[2026-10-07 00:55:24] ✅ 通过阈值 HTTP测速: http://74.91.26.218:82/live/cctv6hd.m3u8
   速度: 201.17KB/s | 数据量: 0.2KB | 总耗时: 0.06s | 阈值: 120KB/s
[2026-10-07 00:55:24] ✅ 通过阈值 HTTP测速: http://74.91.26.218:82/live/cctv7hd.m3u8
   速度: 205.08KB/s | 数据量: 0.2KB | 总耗时: 0.06s | 阈值: 120KB/s
[2026-10-07 00:55:24] ✅ 通过阈值 HTTP测速: http://74.91.26.218:82/live/cctv8hd.m3u8
   速度: 205.08KB/s | 数据量: 0.2KB | 总耗时: 0.06s | 阈值: 120KB/s
[2026-10-07 00:55:24] ✅ 通过阈值 HTTP测速: http://219.147.245.238:25480/newlive/live/hls/3/live.m3u8
   速度: 226.56KB/s | 数据量: 0.2KB | 总耗时: 0.53s | 阈值: 120KB/s
[2026-10-07 00:55:24] ✅ 通过阈值 HTTP测速: http://38.75.136.137:98/gslb/dsdqbv/cctv10hd.m3u8?auth=test20251009
   速度: 204.10KB/s | 数据量: 0.2KB | 总耗时: 0.12s | 阈值: 120KB/s
[2026-10-07 00:55:24] ✅ 通过阈值 HTTP测速: http://198.204.228.26/live/cctv10hd.m3u8
   速度: 196.29KB/s | 数据量: 0.2KB | 总耗时: 0.06s | 阈值: 120KB/s
[2026-10-07 00:55:25] ✅ 通过阈值 HTTP测速: http://38.75.136.137:98/gslb/dsdqbv/cctv11hd.m3u8?auth=test20251009
   速度: 208.01KB/s | 数据量: 0.2KB | 总耗时: 0.13s | 阈值: 120KB/s
[2026-10-07 00:55:25] ✅ 通过阈值 HTTP测速: http://38.75.136.137:98/gslb/dsdqbv/cctv12hd.m3u8?auth=test20251009
   速度: 208.01KB/s | 数据量: 0.2KB | 总耗时: 0.13s | 阈值: 120KB/s
[2026-10-07 00:55:25] ✅ 通过阈值 HTTP测速: http://120.40.39.246:352/newlive/live/hls/1/live.m3u8
   速度: 226.56KB/s | 数据量: 0.2KB | 总耗时: 1.57s | 阈值: 120KB/s
[2026-10-07 00:55:25] ✅ 通过阈值 HTTP测速: http://107.150.60.122/live/cctv12hd.m3u8
   速度: 200.20KB/s | 数据量: 0.2KB | 总耗时: 0.06s | 阈值: 120KB/s
[2026-10-07 00:55:25] ✅ 通过阈值 HTTP测速: http://bztv.tvbus.cc:8081/cdnlive/cctv8.m3u8
   速度: 205.08KB/s | 数据量: 0.2KB | 总耗时: 0.52s | 阈值: 120KB/s
[2026-10-07 00:55:25] ✅ 通过阈值 HTTP测速: http://173.208.212.130:8181/720p/cctv1.m3u8
   速度: 164.06KB/s | 数据量: 0.2KB | 总耗时: 1.85s | 阈值: 120KB/s
[2026-10-07 00:55:25] ✅ 通过阈值 HTTP测速: http://204.12.221.218:8181/3m1080p/cctv14.m3u8
   速度: 208.01KB/s | 数据量: 0.2KB | 总耗时: 0.06s | 阈值: 120KB/s
[2026-10-07 00:55:25] ✅ 通过阈值 HTTP测速: http://173.208.212.130:8181/1080p/cctv14.m3u8
   速度: 208.01KB/s | 数据量: 0.2KB | 总耗时: 0.06s | 阈值: 120KB/s
[2026-10-07 00:55:25] ✅ 通过阈值 HTTP测速: http://63.141.230.178:82/gslb/zbdq5.m3u8?id=cctv14hd
   速度: 201.17KB/s | 数据量: 0.2KB | 总耗时: 0.09s | 阈值: 120KB/s
[2026-10-07 00:55:25] ✅ 通过阈值 HTTP测速: http://120.40.39.246:352/newlive/live/hls/14/live.m3u8
   速度: 226.56KB/s | 数据量: 0.2KB | 总耗时: 0.66s | 阈值: 120KB/s
[2026-10-07 00:55:25] ✅ 通过阈值 HTTP测速: http://173.208.212.130:8181/1080p/cctv15.m3u8
   速度: 208.01KB/s | 数据量: 0.2KB | 总耗时: 0.06s | 阈值: 120KB/s
[2026-10-07 00:55:25] ✅ 通过阈值 HTTP测速: http://207.56.13.146:81/cdnlive/cctv4.m3u8
   速度: 188.48KB/s | 数据量: 0.2KB | 总耗时: 1.26s | 阈值: 120KB/s
[2026-10-07 00:55:25] ✅ 通过阈值 HTTP测速: http://38.75.136.137:98/gslb/dsdqbv/cctv5p.m3u8?auth=test20251009
   速度: 208.01KB/s | 数据量: 0.2KB | 总耗时: 0.12s | 阈值: 120KB/s
[2026-10-07 00:55:25] ✅ 通过阈值 HTTP测速: http://hlsztemgsplive.miguvideo.com:8080/wd_r2/2018/ocn/cctv10hd/1000/index.m3u8?msisdn=202610052201345dce78b8b64f474da2719944c49244cf&mdspid=&spid=699004&netType=0&sid=5500212874&pid=2028597139&timestamp=20261005220134&Channel_ID=0116_2600000900-99000-201600010010027&ProgramID=624878405&ParentNodeID=-99&assertID=5500212874&client_ip=171.8.79.254&SecurityKey=20261005220134&promotionId=&mvid=5100001696&mcid=500020&playurlVersion=WX-A1-9.9.2-SNAPSHOT&userid=&jmhm=&videocodec=h264&appCode=miguvideo_android&bean=mgspad&tid=android&conFee=0&encrypt=b23971777dc3bbedc92f499a13bb1cf7
   速度: 7311.52KB/s | 数据量: 7.3KB | 总耗时: 0.11s | 阈值: 120KB/s
[2026-10-07 00:55:25] ✅ 通过阈值 HTTP测速: http://hlsztemgsplive.miguvideo.com:8080/migu/kailu/20200324/cctv12hd/50/index.m3u8?msisdn=20261005220259b15965cadb0d42ff81d2d376ae4140fd&mdspid=&spid=699004&netType=0&sid=5501083627&pid=2028597139&timestamp=20261005220259&Channel_ID=0116_2600000900-99000-201600010010027&ProgramID=673168185&ParentNodeID=-99&assertID=5501083627&client_ip=171.8.79.254&SecurityKey=20261005220259&promotionId=&mvid=5102910389&mcid=500020&playurlVersion=WX-A1-9.9.2-SNAPSHOT&userid=&jmhm=&videocodec=h264&appCode=miguvideo_android&bean=mgspad&tid=android&conFee=0&encrypt=71e777cf22c9d2fde87c1624c25460ac
   速度: 7311.52KB/s | 数据量: 7.3KB | 总耗时: 0.04s | 阈值: 120KB/s
[2026-10-07 00:55:25] ✅ 通过阈值 HTTP测速: http://hlsztemgsplive.miguvideo.com:8080/migu/kailu/cctv11hd/50/20200103/index.m3u8?msisdn=20261005220258c344544745b64f9e9bcfeaeaad85432b&mdspid=&spid=699004&netType=0&sid=5500988610&pid=2028597139&timestamp=20261005220258&Channel_ID=0116_2600000900-99000-201600010010027&ProgramID=667987558&ParentNodeID=-99&assertID=5500988610&client_ip=171.8.79.254&SecurityKey=20261005220258&promotionId=&mvid=5102751362&mcid=500020&playurlVersion=WX-A1-9.9.2-SNAPSHOT&userid=&jmhm=&videocodec=h264&appCode=miguvideo_android&bean=mgspad&tid=android&conFee=0&encrypt=02b2f95436506ad44094adad2e9cbe28
   速度: 7311.52KB/s | 数据量: 7.3KB | 总耗时: 0.05s | 阈值: 120KB/s
[2026-10-07 00:55:25] ✅ 通过阈值 HTTP测速: http://74.91.26.218:82/live/cctv13hd.m3u8
   速度: 188.48KB/s | 数据量: 0.2KB | 总耗时: 0.86s | 阈值: 120KB/s
[2026-10-07 00:55:25] ✅ 通过阈值 HTTP测速: http://hlsztemgsplive.miguvideo.com:8080/wd_r2/2018/ocn/cctv8hd/1000/index.m3u8?msisdn=20261005220258878a50c628e24891b9855487a12ed464&mdspid=&spid=699004&netType=0&sid=5500212868&pid=2028597139&timestamp=20261005220258&Channel_ID=0116_2600000900-99000-201600010010027&ProgramID=624878356&ParentNodeID=-99&assertID=5500212868&client_ip=171.8.79.254&SecurityKey=20261005220258&promotionId=&mvid=5100001695&mcid=500020&playurlVersion=WX-A1-9.9.2-SNAPSHOT&userid=&jmhm=&videocodec=h264&appCode=miguvideo_android&bean=mgspad&tid=android&conFee=0&encrypt=4568109f67672380a48a5b817187f4c0
   速度: 4693.41KB/s | 数据量: 7.3KB | 总耗时: 0.02s | 阈值: 120KB/s
[2026-10-07 00:55:25] ✅ 通过阈值 HTTP测速: http://hlsztemgsplive.miguvideo.com:8080/wd_r2/2018/ocn/cctv14hd/1000/index.m3u8?msisdn=20261005220259d747c3de4a4842ffbed1f1a08f33b337&mdspid=&spid=699004&netType=0&sid=5500212875&pid=2028597139&timestamp=20261005220259&Channel_ID=0116_2600000900-99000-201600010010027&ProgramID=624878440&ParentNodeID=-99&assertID=5500212875&client_ip=171.8.79.254&SecurityKey=20261005220259&promotionId=&mvid=5100001697&mcid=500020&playurlVersion=WX-A1-9.9.2-SNAPSHOT&userid=&jmhm=&videocodec=h264&appCode=miguvideo_android&bean=mgspad&tid=android&conFee=0&encrypt=218d81b3964ba3d1c8f54b6f684a6f22
   速度: 7311.52KB/s | 数据量: 7.3KB | 总耗时: 0.03s | 阈值: 120KB/s
[2026-10-07 00:55:25] ✅ 通过阈值 HTTP测速: http://113.57.140.161:10081/newlive/live/hls/4/live.m3u8
   速度: 226.56KB/s | 数据量: 0.2KB | 总耗时: 1.52s | 阈值: 120KB/s
[2026-10-07 00:55:25] ✅ 通过阈值 HTTP测速: http://hlsztemgsplive.miguvideo.com:8080/wd_r2/cctv/cctv2hd/600/index.m3u8?msisdn=202610052201059609fed7cc5e4c3d9293ca45626aa2b3&mdspid=&spid=699004&netType=0&sid=5500346945&pid=2028597139&timestamp=20261005220105&Channel_ID=0116_2600000900-99000-201600010010027&ProgramID=631780532&ParentNodeID=-99&assertID=5500346945&client_ip=171.8.79.254&SecurityKey=20261005220105&promotionId=&mvid=5101064231&mcid=500020&playurlVersion=WX-A1-9.9.2-SNAPSHOT&userid=&jmhm=&videocodec=h264&appCode=miguvideo_android&bean=mgspad&tid=android&conFee=0&encrypt=2c708375b286bf9c6915b5ba7d79c45c
   速度: 7311.52KB/s | 数据量: 7.3KB | 总耗时: 0.03s | 阈值: 120KB/s
[2026-10-07 00:55:25] ✅ 通过阈值 HTTP测速: http://hlsztemgsplive.miguvideo.com:8080/wd_r2/cctv/cctv4hd/600/index.m3u8?msisdn=20261005220112eaa7963bdfe549c2b1ef237f43f8943b&mdspid=&spid=699004&netType=0&sid=5500346947&pid=2028597139&timestamp=20261005220112&Channel_ID=0116_2600000900-99000-201600010010027&ProgramID=631780421&ParentNodeID=-99&assertID=5500346947&client_ip=171.8.79.254&SecurityKey=20261005220112&promotionId=&mvid=5101064235&mcid=500020&playurlVersion=WX-A1-9.9.2-SNAPSHOT&userid=&jmhm=&videocodec=h264&appCode=miguvideo_android&bean=mgspad&tid=android&conFee=0&encrypt=23cbd21e698b0deb42ed9e17f8ddcf74
   速度: 7311.52KB/s | 数据量: 7.3KB | 总耗时: 0.03s | 阈值: 120KB/s
[2026-10-07 00:55:25] ✅ 通过阈值 HTTP测速: http://hlsztemgsplive.miguvideo.com:8080/migu/kailu/20200324/cctv7hd/50/index.m3u8?msisdn=20261005220123f780ca8d25e54d5980c5a2137352efff&mdspid=&spid=699004&netType=0&sid=5501083622&pid=2028597139&timestamp=20261005220123&Channel_ID=0116_2600000900-99000-201600010010027&ProgramID=673168121&ParentNodeID=-99&assertID=5501083622&client_ip=171.8.79.254&SecurityKey=20261005220123&promotionId=&mvid=5102910278&mcid=500020&playurlVersion=WX-A1-9.9.2-SNAPSHOT&userid=&jmhm=&videocodec=h264&appCode=miguvideo_android&bean=mgspad&tid=android&conFee=0&encrypt=4f0fb7ace918451bdb058f8142a38555
   速度: 7311.52KB/s | 数据量: 7.3KB | 总耗时: 0.03s | 阈值: 120KB/s
[2026-10-07 00:55:25] ✅ 通过阈值 HTTP测速: http://hlsztemgsplive.miguvideo.com:8080/wd_r2/2018/ocn/cctv3hd/1000/index.m3u8?msisdn=20261005220108065544571f6748f3baa4e23adea1e06b&mdspid=&spid=699004&netType=0&sid=5500212864&pid=2028597139&timestamp=20261005220108&Channel_ID=0116_2600000900-99000-201600010010027&ProgramID=624878271&ParentNodeID=-99&assertID=5500212864&client_ip=171.8.79.254&SecurityKey=20261005220108&promotionId=&mvid=5100001683&mcid=500020&playurlVersion=WX-A1-9.9.2-SNAPSHOT&userid=&jmhm=&videocodec=h264&appCode=miguvideo_android&bean=mgspad&tid=android&conFee=0&encrypt=bf178600e6df215aad90d123bdc89188
   速度: 7311.52KB/s | 数据量: 7.3KB | 总耗时: 0.01s | 阈值: 120KB/s
[2026-10-07 00:55:26] ✅ 通过阈值 HTTP测速: http://120.238.94.82:9901/tsfile/live/1030_1.m3u8
   速度: 422.85KB/s | 数据量: 0.4KB | 总耗时: 0.50s | 阈值: 120KB/s
[2026-10-07 00:55:26] ✅ 通过阈值 HTTP测速: http://58.56.162.102:4466/newlive/live/hls/1/live.m3u8
   速度: 226.56KB/s | 数据量: 0.2KB | 总耗时: 3.02s | 阈值: 120KB/s
[2026-10-07 00:55:26] ✅ 通过阈值 HTTP测速: http://hlsztemgsplive.miguvideo.com:8080/wd_r2/cctv/cctv1hd/600/index.m3u8?msisdn=20261005220258bddc1a22f80f43dab9fe51275a3e9a12&mdspid=&spid=699004&netType=0&sid=2201057821&pid=2028597139&timestamp=20261005220258&Channel_ID=0116_2600000900-99000-201600010010027&ProgramID=608807420&ParentNodeID=-99&assertID=2201057821&client_ip=171.8.79.254&SecurityKey=20261005220258&promotionId=&mvid=2201057821&mcid=500020&playurlVersion=WX-A1-9.9.2-SNAPSHOT&userid=&jmhm=&videocodec=h264&appCode=miguvideo_android&bean=mgspad&tid=android&conFee=0&encrypt=ddcbb6dd52abaca6fc963240c4902102
   速度: 7311.52KB/s | 数据量: 7.3KB | 总耗时: 0.04s | 阈值: 120KB/s
[2026-10-07 00:55:26] ✅ 通过阈值 HTTP测速: http://hlsztemgsplive.miguvideo.com:8080/migu/kailu/20200324/cctv4ouhd/50/index.m3u8?msisdn=20261005220259f75520f65b54483bb7c875170fafedbc&mdspid=&spid=699004&netType=0&sid=2200179315&pid=2028597139&timestamp=20261005220259&Channel_ID=0116_2600000900-99000-201600010010027&ProgramID=608807419&ParentNodeID=-99&assertID=2200179315&client_ip=171.8.79.254&SecurityKey=20261005220259&promotionId=&mvid=2200179315&mcid=500020&playurlVersion=WX-A1-9.9.2-SNAPSHOT&userid=&jmhm=&videocodec=h264&appCode=miguvideo_android&bean=mgspad&tid=android&conFee=0&encrypt=090d630b0bb191cc6ff0b21ede1214b4
   速度: 7311.52KB/s | 数据量: 7.3KB | 总耗时: 0.01s | 阈值: 120KB/s
[2026-10-07 00:55:26] ✅ 通过阈值 HTTP测速: http://hlsztemgsplive.miguvideo.com:8080/migu/kailu/20200324/cctv4meihd/50/index.m3u8?msisdn=20261005220259103c6d1c05974ddd8dbb371ae4b4045b&mdspid=&spid=699004&netType=0&sid=2200179344&pid=2028597139&timestamp=20261005220259&Channel_ID=0116_2600000900-99000-201600010010027&ProgramID=608807416&ParentNodeID=-99&assertID=2200179344&client_ip=171.8.79.254&SecurityKey=20261005220259&promotionId=&mvid=2200179344&mcid=500020&playurlVersion=WX-A1-9.9.2-SNAPSHOT&userid=&jmhm=&videocodec=h264&appCode=miguvideo_android&bean=mgspad&tid=android&conFee=0&encrypt=446f46b57b08e4b491e3e84654a97ef7
   速度: 7311.52KB/s | 数据量: 7.3KB | 总耗时: 0.01s | 阈值: 120KB/s
[2026-10-07 00:55:26] ✅ 通过阈值 HTTP测速: http://hlsztemgsplive.miguvideo.com:8080/wd_r2/cctv/cctv5plusnew/600/index.m3u8?msisdn=20261005220258cc83769c611343f9b4d02f6241d90e88&mdspid=&spid=699004&netType=0&sid=5500516288&pid=2028597139&timestamp=20261005220258&Channel_ID=0116_2600000900-99000-201600010010027&ProgramID=641886773&ParentNodeID=-99&assertID=5500516288&client_ip=171.8.79.254&SecurityKey=20261005220258&promotionId=&mvid=5102048803&mcid=500020&playurlVersion=WX-A1-9.9.2-SNAPSHOT&userid=&jmhm=&videocodec=h264&appCode=miguvideo_android&bean=mgspad&tid=android&conFee=0&encrypt=6b4d95d37a2fd9eba8fd023729598896
   速度: 7311.52KB/s | 数据量: 7.3KB | 总耗时: 0.04s | 阈值: 120KB/s
[2026-10-07 00:55:26] ✅ 通过阈值 HTTP测速: http://hlsztemgsplive.miguvideo.com:8080/migu/kailu/20200324/cctv9hd/50/index.m3u8?msisdn=20261005220130594ff0e75202482b96deafe00c13a834&mdspid=&spid=699004&netType=0&sid=5501083624&pid=2028597139&timestamp=20261005220130&Channel_ID=0116_2600000900-99000-201600010010027&ProgramID=673168140&ParentNodeID=-99&assertID=5501083624&client_ip=171.8.79.254&SecurityKey=20261005220130&promotionId=&mvid=5102910384&mcid=500020&playurlVersion=WX-A1-9.9.2-SNAPSHOT&userid=&jmhm=&videocodec=h264&appCode=miguvideo_android&bean=mgspad&tid=android&conFee=0&encrypt=0270823b78378741df15926f2c558655
   速度: 7311.52KB/s | 数据量: 7.3KB | 总耗时: 0.01s | 阈值: 120KB/s
[2026-10-07 00:55:26] ✅ 通过阈值 HTTP测速: http://113.25.252.226:9901/tsfile/live/1016_1.m3u8?key=txiptv&playlive=1&authid=0
   速度: 422.85KB/s | 数据量: 0.4KB | 总耗时: 0.50s | 阈值: 120KB/s
[2026-10-07 00:55:26] ✅ 通过阈值 HTTP测速: http://113.25.252.226:9901/tsfile/live/1008_1.m3u8?key=txiptv&playlive=1&authid=0
   速度: 422.85KB/s | 数据量: 0.4KB | 总耗时: 0.53s | 阈值: 120KB/s
[2026-10-07 00:55:26] ✅ 通过阈值 HTTP测速: http://113.25.252.226:9901/tsfile/live/1014_1.m3u8?key=txiptv&playlive=1&authid=0
   速度: 422.85KB/s | 数据量: 0.4KB | 总耗时: 0.50s | 阈值: 120KB/s
[2026-10-07 00:55:27] ✅ 通过阈值 HTTP测速: http://113.25.252.226:9901/tsfile/live/1017_1.m3u8?key=txiptv&playlive=1&authid=0
   速度: 422.85KB/s | 数据量: 0.4KB | 总耗时: 0.50s | 阈值: 120KB/s
[2026-10-07 00:55:27] ✅ 通过阈值 HTTP测速: http://38.75.136.137:98/gslb/dsdqpub/chcjt.m3u8?auth=testpub
   速度: 195.31KB/s | 数据量: 0.2KB | 总耗时: 0.13s | 阈值: 120KB/s
[2026-10-07 00:55:27] ✅ 通过阈值 HTTP测速: http://113.25.252.226:9901/tsfile/live/1006_1.m3u8?key=txiptv&playlive=1&authid=0
   速度: 422.85KB/s | 数据量: 0.4KB | 总耗时: 1.25s | 阈值: 120KB/s
[2026-10-07 00:55:27] ✅ 通过阈值 HTTP测速: http://207.56.13.146:81/cdnlive/cctv5.m3u8
   速度: 164.06KB/s | 数据量: 0.2KB | 总耗时: 2.71s | 阈值: 120KB/s
[2026-10-07 00:55:27] ✅ 通过阈值 HTTP测速: http://hlsztemgsplive.miguvideo.com:8080/migu/kailu/bjws/50/20251127/index.m3u8?msisdn=202610052201010617016bf2f84807a35bf085b9525667&mdspid=&spid=600697&netType=0&sid=5910022306&pid=2028597139&timestamp=20261005220101&Channel_ID=0116_2600000900-99000-201600010010027&ProgramID=630287636&ParentNodeID=-99&assertID=5910022306&client_ip=171.8.79.254&SecurityKey=20261005220101&promotionId=&mvid=5101042960&mcid=500020&playurlVersion=WX-A1-9.9.2-SNAPSHOT&userid=&jmhm=&videocodec=h264&appCode=miguvideo_android&bean=mgspad&tid=android&conFee=0&encrypt=b69c4adc71a365c6212d16fa989bc36a
   速度: 7311.52KB/s | 数据量: 7.3KB | 总耗时: 0.06s | 阈值: 120KB/s
[2026-10-07 00:55:27] ✅ 通过阈值 HTTP测速: http://hlsztemgsplive.miguvideo.com:8080/wd_r3/2018/nfmedia/nfws/1000/index.m3u8?msisdn=20261005220303f6f246c9eece4f35a10aeeb84ce4dca3&mdspid=&spid=699054&netType=0&sid=2200322852&pid=2028597139&timestamp=20261005220303&Channel_ID=0116_2600000900-99000-201600010010027&ProgramID=608917627&ParentNodeID=-99&assertID=2200322852&client_ip=171.8.79.254&SecurityKey=20261005220303&promotionId=&mvid=2200322852&mcid=500020&playurlVersion=WX-A1-9.9.2-SNAPSHOT&userid=&jmhm=&videocodec=h264&appCode=miguvideo_android&bean=mgspad&tid=android&conFee=0&encrypt=877caaf2366b42ddcbdcd96ad318654c
   速度: 7311.52KB/s | 数据量: 7.3KB | 总耗时: 0.02s | 阈值: 120KB/s
[2026-10-07 00:55:27] ✅ 通过阈值 HTTP测速: http://120.211.62.180:8000/hls/35/index.m3u8
   速度: 232.42KB/s | 数据量: 0.2KB | 总耗时: 0.43s | 阈值: 120KB/s
[2026-10-07 00:55:27] ✅ 通过阈值 HTTP测速: http://113.57.140.161:10081/newlive/live/hls/20/live.m3u8
   速度: 226.56KB/s | 数据量: 0.2KB | 总耗时: 0.51s | 阈值: 120KB/s
[2026-10-07 00:55:27] ✅ 通过阈值 HTTP测速: http://113.25.252.226:9901/tsfile/live/1015_1.m3u8?key=txiptv&playlive=1&authid=0
   速度: 422.85KB/s | 数据量: 0.4KB | 总耗时: 1.32s | 阈值: 120KB/s
[2026-10-07 00:55:28] ✅ HTTPS测速成功: https://hlscdn.liangtv.cn/live/de0f97348eb84f62aa6b7d8cf0430770/dd505d87880c478f901f38560ca4d4e6.m3u8
   速度: 179.69KB/s | 数据量: 0.2KB | 总耗时: 0.37s | 证书: 有效
[2026-10-07 00:55:28] ✅ 通过阈值 HTTP测速: http://hlsztemgsplive.miguvideo.com:8080/migu/kailu/hbws/50/20251225/index.m3u8?msisdn=202610052201193394ab597f684ed99ef04cba9967bca1&mdspid=&spid=600725&netType=0&sid=5910022316&pid=2028597139&timestamp=20261005220119&Channel_ID=0116_2600000900-99000-201600010010027&ProgramID=962042070&ParentNodeID=-99&assertID=5910022316&client_ip=171.8.79.254&SecurityKey=20261005220119&promotionId=&mvid=5900006782&mcid=500020&playurlVersion=WX-A1-9.9.2-SNAPSHOT&userid=&jmhm=&videocodec=h264&appCode=miguvideo_android&bean=mgspad&tid=android&conFee=0&encrypt=8addafe14a17b5a578e5e78fccd0b3b4
   速度: 7311.52KB/s | 数据量: 7.3KB | 总耗时: 0.03s | 阈值: 120KB/s
[2026-10-07 00:55:28] ✅ 通过阈值 HTTP测速: http://hlsztemgsplive.miguvideo.com:8080/migu/kailu/nxjj/50/20251225/index.m3u8?msisdn=202610052203049be52ad68181442d98860b1488e358ac&mdspid=&spid=600697&netType=0&sid=5910022409&pid=2028597139&timestamp=20261005220304&Channel_ID=0116_2600000900-99000-201600010010027&ProgramID=738906901&ParentNodeID=-99&assertID=5910022409&client_ip=171.8.79.254&SecurityKey=20261005220304&promotionId=&mvid=5900004349&mcid=500020&playurlVersion=WX-A1-9.9.2-SNAPSHOT&userid=&jmhm=&videocodec=h264&appCode=miguvideo_android&bean=mgspad&tid=android&conFee=0&encrypt=bae48708022ba5c6f97207224f871b3b
   速度: 7311.52KB/s | 数据量: 7.3KB | 总耗时: 0.02s | 阈值: 120KB/s
[2026-10-07 00:55:28] ✅ 通过阈值 HTTP测速: http://113.25.252.226:9901/tsfile/live/1013_1.m3u8?key=txiptv&playlive=1&authid=0
   速度: 422.85KB/s | 数据量: 0.4KB | 总耗时: 2.07s | 阈值: 120KB/s
[2026-10-07 00:55:28] ✅ 通过阈值 HTTP测速: http://hlsztemgsplive.miguvideo.com:8080/envivo_x/SD/lvyou/711/index.m3u8?msisdn=20261005220115562af832e6fd496298c8facba74ebd0b&mdspid=&spid=600633&netType=0&sid=5910022165&pid=2028597139&timestamp=20261005220115&Channel_ID=0116_2600000900-99000-201600010010027&ProgramID=947472502&ParentNodeID=-99&assertID=5910022165&client_ip=171.8.79.254&SecurityKey=20261005220115&promotionId=&mvid=5900004359&mcid=500020&playurlVersion=WX-A1-9.9.2-SNAPSHOT&userid=&jmhm=&videocodec=h264&appCode=miguvideo_android&bean=mgspad&tid=android&conFee=0&encrypt=79b1abeddfc988df6ecba96e0d855f80
   速度: 7311.52KB/s | 数据量: 7.3KB | 总耗时: 0.01s | 阈值: 120KB/s
[2026-10-07 00:55:28] ✅ 通过阈值 HTTP测速: http://113.25.252.226:9901/tsfile/live/1018_1.m3u8?key=txiptv&playlive=1&authid=0
   速度: 422.85KB/s | 数据量: 0.4KB | 总耗时: 1.33s | 阈值: 120KB/s
[2026-10-07 00:55:28] ✅ 通过阈值 HTTP测速: http://event.pull.hebtv.com/jishi/weishi_tingyun.m3u8
   速度: 383.79KB/s | 数据量: 0.4KB | 总耗时: 0.50s | 阈值: 120KB/s
[2026-10-07 00:55:28] ✅ 通过阈值 HTTP测速: http://74.91.26.218:82/live/hnwshd.m3u8
   速度: 198.24KB/s | 数据量: 0.2KB | 总耗时: 0.06s | 阈值: 120KB/s
[2026-10-07 00:55:28] ✅ 通过阈值 HTTP测速: http://hlsztemgsplive.miguvideo.com:8080/migu/kailu/jxwshd/50/20190820/index.m3u8?msisdn=2026100522030240ba1f232b5848ea833ca40c3576774b&mdspid=&spid=600633&netType=0&sid=5910021492&pid=2028597139&timestamp=20261005220302&Channel_ID=0116_2600000900-99000-201600010010027&ProgramID=783847495&ParentNodeID=-99&assertID=5910021492&client_ip=171.8.79.254&SecurityKey=20261005220302&promotionId=&mvid=5900004351&mcid=500020&playurlVersion=WX-A1-9.9.2-SNAPSHOT&userid=&jmhm=&videocodec=h264&appCode=miguvideo_android&bean=mgspad&tid=android&conFee=0&encrypt=037f649dd38d2a4618d3595b119ba756
   速度: 7311.52KB/s | 数据量: 7.3KB | 总耗时: 0.05s | 阈值: 120KB/s
[2026-10-07 00:55:28] ✅ 通过阈值 HTTP测速: http://hlsztemgsplive.miguvideo.com:8080/wd_r2/cctv/jiangsuhd/600/index.m3u8?msisdn=20261005220137c7fcfa90ce0046f8a22629b288523cf3&mdspid=&spid=699067&netType=0&sid=5500199408&pid=2028597139&timestamp=20261005220137&Channel_ID=0116_2600000900-99000-201600010010027&ProgramID=623899368&ParentNodeID=-99&assertID=5500199408&client_ip=171.8.79.254&SecurityKey=20261005220137&promotionId=&mvid=5100156802&mcid=500020&playurlVersion=WX-A1-9.9.2-SNAPSHOT&userid=&jmhm=&videocodec=h264&appCode=miguvideo_android&bean=mgspad&tid=android&conFee=0&encrypt=c5d7868ed25fc01720f7d223783739c4
   速度: 7311.52KB/s | 数据量: 7.3KB | 总耗时: 0.07s | 阈值: 120KB/s
[2026-10-07 00:55:28] ✅ 通过阈值 HTTP测速: http://hlsztemgsplive.miguvideo.com:8080/wd-henanwssd-600/index.m3u8?msisdn=20261005220302a8822a703d0f4c1cbbad8f1a0d754a4a&mdspid=&spid=600633&netType=0&sid=5910021585&pid=2028597139&timestamp=20261005220302&Channel_ID=0116_2600000900-99000-201600010010027&ProgramID=790187291&ParentNodeID=-99&assertID=5910021585&client_ip=171.8.79.254&SecurityKey=20261005220302&promotionId=&mvid=5900005706&mcid=500020&playurlVersion=WX-A1-9.9.2-SNAPSHOT&userid=&jmhm=&videocodec=h264&appCode=miguvideo_android&bean=mgspad&tid=android&conFee=0&encrypt=25260e2ade30891d0228dc820f4b4204
   速度: 7311.52KB/s | 数据量: 7.3KB | 总耗时: 0.08s | 阈值: 120KB/s
[2026-10-07 00:55:28] ✅ 通过阈值 HTTP测速: http://hlsztemgsplive.miguvideo.com:8080/envivo_v/2018/SD/jilin/1000/index.m3u8?msisdn=2026100522030336ea9b09e24244b99d6e2c3b66d712fe&mdspid=&spid=600633&netType=0&sid=5910022164&pid=2028597139&timestamp=20261005220303&Channel_ID=0116_2600000900-99000-201600010010027&ProgramID=947472500&ParentNodeID=-99&assertID=5910022164&client_ip=171.8.79.254&SecurityKey=20261005220303&promotionId=&mvid=5900004357&mcid=500020&playurlVersion=WX-A1-9.9.2-SNAPSHOT&userid=&jmhm=&videocodec=h264&appCode=miguvideo_android&bean=mgspad&tid=android&conFee=0&encrypt=d12ea19d69e09146d3eb7c410f725df1
   速度: 7311.52KB/s | 数据量: 7.3KB | 总耗时: 0.08s | 阈值: 120KB/s
[2026-10-07 00:55:28] ✅ 通过阈值 HTTP测速: http://hlsztemgsplive.miguvideo.com:8080/wd_r2/2018/ocn/liaoningwshd/1000/index.m3u8?msisdn=20261005220302e66bcef3ea0641469a1001c208136ea2&mdspid=&spid=600572&netType=0&sid=5910022198&pid=2028597139&timestamp=20261005220302&Channel_ID=0116_2600000900-99000-201600010010027&ProgramID=630291707&ParentNodeID=-99&assertID=5910022198&client_ip=171.8.79.254&SecurityKey=20261005220302&promotionId=&mvid=5101043014&mcid=500020&playurlVersion=WX-A1-9.9.2-SNAPSHOT&userid=&jmhm=&videocodec=h264&appCode=miguvideo_android&bean=mgspad&tid=android&conFee=0&encrypt=f7203d8feaa98f9db446d3c8a0cb56b0
   速度: 7311.52KB/s | 数据量: 7.3KB | 总耗时: 0.01s | 阈值: 120KB/s
[2026-10-07 00:55:28] ✅ 通过阈值 HTTP测速: http://hlsztemgsplive.miguvideo.com:8080/envivo_x/2018/SD/ningxia/1000/index.m3u8?msisdn=20261005220304acf9292df9ac4552868c994eb43b4432&mdspid=&spid=600697&netType=0&sid=5910022262&pid=2028597139&timestamp=20261005220304&Channel_ID=0116_2600000900-99000-201600010010027&ProgramID=738910535&ParentNodeID=-99&assertID=5910022262&client_ip=171.8.79.254&SecurityKey=20261005220304&promotionId=&mvid=5900004337&mcid=500020&playurlVersion=WX-A1-9.9.2-SNAPSHOT&userid=&jmhm=&videocodec=h264&appCode=miguvideo_android&bean=mgspad&tid=android&conFee=0&encrypt=dc10ab4dd8737d08914a946a730d4e3d
   速度: 7311.52KB/s | 数据量: 7.3KB | 总耗时: 0.01s | 阈值: 120KB/s
[2026-10-07 00:55:28] ✅ 通过阈值 HTTP测速: http://hlsztemgsplive.miguvideo.com:8080/envivo_w/2018/SD/qinghai/1000/index.m3u8?msisdn=2026100522030358a2a57c3cf94a0e821c6ef6cecc875d&mdspid=&spid=600633&netType=0&sid=5910022166&pid=2028597139&timestamp=20261005220303&Channel_ID=0116_2600000900-99000-201600010010027&ProgramID=947472506&ParentNodeID=-99&assertID=5910022166&client_ip=171.8.79.254&SecurityKey=20261005220303&promotionId=&mvid=5900004353&mcid=500020&playurlVersion=WX-A1-9.9.2-SNAPSHOT&userid=&jmhm=&videocodec=h264&appCode=miguvideo_android&bean=mgspad&tid=android&conFee=0&encrypt=c3722add789e6647dea2f633c26ed8f6
   速度: 7311.52KB/s | 数据量: 7.3KB | 总耗时: 0.01s | 阈值: 120KB/s
[2026-10-07 00:55:28] ✅ 通过阈值 HTTP测速: http://hlsztemgsplive.miguvideo.com:8080/migu/kailu/shan3xiws/50/20220809/index.m3u8?msisdn=202610052203032678067cdfed446d807ab4abf8307bff&mdspid=&spid=600633&netType=0&sid=5910020475&pid=2028597139&timestamp=20261005220303&Channel_ID=0116_2600000900-99000-201600010010027&ProgramID=738910838&ParentNodeID=-99&assertID=5910020475&client_ip=171.8.79.254&SecurityKey=20261005220303&promotionId=&mvid=5900004331&mcid=500020&playurlVersion=WX-A1-9.9.2-SNAPSHOT&userid=&jmhm=&videocodec=h264&appCode=miguvideo_android&bean=mgspad&tid=android&conFee=0&encrypt=e48a6c7a78c044e3aa615235c76b4b5f
   速度: 7311.52KB/s | 数据量: 7.3KB | 总耗时: 0.01s | 阈值: 120KB/s
[2026-10-07 00:55:28] ✅ 通过阈值 HTTP测速: http://hlsztemgsplive.miguvideo.com:8080/migu/kailu/ssws/50/20251127/index.m3u8?msisdn=202610052203047b6ac6d81b954e8b80c96ac7800e9d7f&mdspid=&spid=600697&netType=0&sid=5910022307&pid=2028597139&timestamp=20261005220304&Channel_ID=0116_2600000900-99000-201600010010027&ProgramID=961023778&ParentNodeID=-99&assertID=5910022307&client_ip=171.8.79.254&SecurityKey=20261005220304&promotionId=&mvid=5900006777&mcid=500020&playurlVersion=WX-A1-9.9.2-SNAPSHOT&userid=&jmhm=&videocodec=h264&appCode=miguvideo_android&bean=mgspad&tid=android&conFee=0&encrypt=4dd9835b5e480853c2ed4f02c917cfbc
   速度: 7311.52KB/s | 数据量: 7.3KB | 总耗时: 0.03s | 阈值: 120KB/s
[2026-10-07 00:55:28] ✅ 通过阈值 HTTP测速: http://153.0.171.163:9901/tsfile/live/0118_1.m3u8?key=txiptv&playlive=1&authid=0
   速度: 417.97KB/s | 数据量: 0.4KB | 总耗时: 0.54s | 阈值: 120KB/s
[2026-10-07 00:55:28] ✅ 通过阈值 HTTP测速: http://153.0.171.163:9901/tsfile/live/0135_1.m3u8?key=txiptv&playlive=1&authid=0
   速度: 417.97KB/s | 数据量: 0.4KB | 总耗时: 0.54s | 阈值: 120KB/s
[2026-10-07 00:55:28] ✅ 通过阈值 HTTP测速: http://hlsztemgsplive.miguvideo.com:8080/migu/kailu/zgnlws/50/20250804/index.m3u8?msisdn=2026100522030369623f45e91d4e3eb2e5629b7381c9a8&mdspid=&spid=600572&netType=0&sid=5910022186&pid=2028597139&timestamp=20261005220303&Channel_ID=0116_2600000900-99000-201600010010027&ProgramID=956904896&ParentNodeID=-99&assertID=5910022186&client_ip=171.8.79.254&SecurityKey=20261005220303&promotionId=&mvid=5900006709&mcid=500020&playurlVersion=WX-A1-9.9.2-SNAPSHOT&userid=&jmhm=&videocodec=h264&appCode=miguvideo_android&bean=mgspad&tid=android&conFee=0&encrypt=ab191e47c24085a76df1bccadd3235c4
   速度: 7311.52KB/s | 数据量: 7.3KB | 总耗时: 0.03s | 阈值: 120KB/s
[2026-10-07 00:55:28] ✅ HTTPS测速成功: https://event.pull.hebtv.com/jishi/cp1.m3u8
   速度: 319.34KB/s | 数据量: 0.3KB | 总耗时: 0.96s | 证书: 有效
[2026-10-07 00:55:29] ✅ 通过阈值 HTTP测速: http://ali-xwl.cztv.com/live/channel011080Plxw.m3u8
   速度: 345.70KB/s | 数据量: 0.3KB | 总耗时: 0.11s | 阈值: 120KB/s
[2026-10-07 00:55:29] ✅ 通过阈值 HTTP测速: http://r.jdshipin.com/WtYt3
   速度: 242.19KB/s | 数据量: 0.2KB | 总耗时: 1.76s | 阈值: 120KB/s
[2026-10-07 00:55:29] ✅ 通过阈值 HTTP测速: http://hlsztemgsplive.miguvideo.com:8080/wd_r2/2018/ocn/cctv6hd/1000/index.m3u8?msisdn=202610062202589366ea1da3ad43a58b9548794e5a1805&mdspid=&spid=699004&netType=0&sid=5500212872&pid=2028597139&timestamp=20261006220258&Channel_ID=0116_2600000900-99000-201600010010027&ProgramID=624878396&ParentNodeID=-99&assertID=5500212872&client_ip=171.8.79.254&SecurityKey=20261006220258&promotionId=&mvid=5100001694&mcid=500020&playurlVersion=WX-A1-9.9.2-SNAPSHOT&userid=&jmhm=&videocodec=h264&appCode=miguvideo_android&bean=mgspad&tid=android&conFee=0&encrypt=54001ca07be3631b81b5e9cb324c419c
   速度: 7311.52KB/s | 数据量: 7.3KB | 总耗时: 0.02s | 阈值: 120KB/s
[2026-10-07 00:55:29] ✅ 通过阈值 HTTP测速: http://hlsztemgsplive.miguvideo.com:8080/envivo_x/2018/SD/cctv13/1000/index.m3u8?msisdn=2026100622012635e1d0f8c5fd4a0f8f642e0db1b40ad4&mdspid=&spid=699004&netType=0&sid=2202208864&pid=2028597139&timestamp=20261006220126&Channel_ID=0116_2600000900-99000-201600010010027&ProgramID=608807423&ParentNodeID=-99&assertID=2202208864&client_ip=171.8.79.254&SecurityKey=20261006220126&promotionId=&mvid=2202208864&mcid=500020&playurlVersion=WX-A1-9.9.2-SNAPSHOT&userid=&jmhm=&videocodec=h264&appCode=miguvideo_android&bean=mgspad&tid=android&conFee=0&encrypt=ca53f158182a8999606a665dd154827f
   速度: 7311.52KB/s | 数据量: 7.3KB | 总耗时: 0.01s | 阈值: 120KB/s
[2026-10-07 00:55:29] ✅ 通过阈值 HTTP测速: http://hlsztemgsplive.miguvideo.com:8080/wd_r2/cctv/cctv5hdnew/600/index.m3u8?msisdn=2026100622025884e4e8a9110d4fa59fabd7a2f716e4e8&mdspid=&spid=699004&netType=0&sid=5500516171&pid=2028597139&timestamp=20261006220258&Channel_ID=0116_2600000900-99000-201600010010027&ProgramID=641886683&ParentNodeID=-99&assertID=5500516171&client_ip=171.8.79.254&SecurityKey=20261006220258&promotionId=&mvid=5102048712&mcid=500020&playurlVersion=WX-A1-9.9.2-SNAPSHOT&userid=&jmhm=&videocodec=h264&appCode=miguvideo_android&bean=mgspad&tid=android&conFee=0&encrypt=0a8893fc22a8ca0b0874c2ee3cbeffa4
   速度: 7311.52KB/s | 数据量: 7.3KB | 总耗时: 0.05s | 阈值: 120KB/s
[2026-10-07 00:55:29] ✅ 通过阈值 HTTP测速: http://hlsztemgsplive.miguvideo.com:8080/migu/kailu/20200324/cctv17hd/50/index.m3u8?msisdn=20261006220259e949164c49aa49918824b6c7d4cc90f5&mdspid=&spid=699004&netType=0&sid=5501083631&pid=2028597139&timestamp=20261006220259&Channel_ID=0116_2600000900-99000-201600010010027&ProgramID=673168256&ParentNodeID=-99&assertID=5501083631&client_ip=171.8.79.254&SecurityKey=20261006220259&promotionId=&mvid=5102910396&mcid=500020&playurlVersion=WX-A1-9.9.2-SNAPSHOT&userid=&jmhm=&videocodec=h264&appCode=miguvideo_android&bean=mgspad&tid=android&conFee=0&encrypt=f4d2cbb2241278f3faa28fbcb9606cfa
   速度: 7311.52KB/s | 数据量: 7.3KB | 总耗时: 0.02s | 阈值: 120KB/s
[2026-10-07 00:55:29] ✅ 通过阈值 HTTP测速: http://hlsztemgsplive.miguvideo.com:8080/migu/kailu/20200324/cctv15hd/50/index.m3u8?msisdn=2026100622025954757b21f1cd49fc9a31a8c7e2681e99&mdspid=&spid=699004&netType=0&sid=5501083628&pid=2028597139&timestamp=20261006220259&Channel_ID=0116_2600000900-99000-201600010010027&ProgramID=673168223&ParentNodeID=-99&assertID=5501083628&client_ip=171.8.79.254&SecurityKey=20261006220259&promotionId=&mvid=5102910391&mcid=500020&playurlVersion=WX-A1-9.9.2-SNAPSHOT&userid=&jmhm=&videocodec=h264&appCode=miguvideo_android&bean=mgspad&tid=android&conFee=0&encrypt=037819847da46c86c0c326300d6af836
   速度: 7311.52KB/s | 数据量: 7.3KB | 总耗时: 0.04s | 阈值: 120KB/s
[2026-10-07 00:55:29] ✅ 通过阈值 HTTP测速: http://hlsztemgsplive.miguvideo.com:8080/envivo_v/2018/SD/cctv/doc/1000/index.m3u8?msisdn=202610062202596609d77f87e8488dbe1e6caa6d0d227a&mdspid=&spid=699004&netType=0&sid=2200179356&pid=2028597139&timestamp=20261006220259&Channel_ID=0116_2600000900-99000-201600010010027&ProgramID=609006487&ParentNodeID=-99&assertID=2200179356&client_ip=171.8.79.254&SecurityKey=20261006220259&promotionId=&mvid=2200179356&mcid=500020&playurlVersion=WX-A1-9.9.2-SNAPSHOT&userid=&jmhm=&videocodec=h264&appCode=miguvideo_android&bean=mgspad&tid=android&conFee=0&encrypt=4957e1b65cabbad203654269b6ab5d9a
   速度: 7311.52KB/s | 数据量: 7.3KB | 总耗时: 0.01s | 阈值: 120KB/s
[2026-10-07 00:55:29] ✅ 通过阈值 HTTP测速: http://hlsztemgsplive.miguvideo.com:8080/envivo_v/SD/cctv/alabo/1000/index.m3u8?msisdn=20261006220300b1dc0230403540eb978af00bbb53e32a&mdspid=&spid=699004&netType=0&sid=2200179303&pid=2028597139&timestamp=20261006220300&Channel_ID=0116_2600000900-99000-201600010010027&ProgramID=609154345&ParentNodeID=-99&assertID=2200179303&client_ip=171.8.79.254&SecurityKey=20261006220300&promotionId=&mvid=2200179303&mcid=500020&playurlVersion=WX-A1-9.9.2-SNAPSHOT&userid=&jmhm=&videocodec=h264&appCode=miguvideo_android&bean=mgspad&tid=android&conFee=0&encrypt=c45bd629949c6e99deac65270ff4881f
   速度: 7311.52KB/s | 数据量: 7.3KB | 总耗时: 0.02s | 阈值: 120KB/s
[2026-10-07 00:55:29] ✅ 通过阈值 HTTP测速: http://hlsztemgsplive.miguvideo.com:8080/envivo_v/2018/SD/cctv/xibanya/1000/index.m3u8?msisdn=20261006220300718d2ce1e84b43598b0d9c23af2a17e8&mdspid=&spid=699004&netType=0&sid=2200179337&pid=2028597139&timestamp=20261006220300&Channel_ID=0116_2600000900-99000-201600010010027&ProgramID=609006450&ParentNodeID=-99&assertID=2200179337&client_ip=171.8.79.254&SecurityKey=20261006220300&promotionId=&mvid=2200179337&mcid=500020&playurlVersion=WX-A1-9.9.2-SNAPSHOT&userid=&jmhm=&videocodec=h264&appCode=miguvideo_android&bean=mgspad&tid=android&conFee=0&encrypt=ab10075a8b4db1eb00cd55a67eba4eab
   速度: 7311.52KB/s | 数据量: 7.3KB | 总耗时: 0.01s | 阈值: 120KB/s
[2026-10-07 00:55:29] ✅ 通过阈值 HTTP测速: http://hlsztemgsplive.miguvideo.com:8080/envivo_v/2018/SD/cctv/fayu/1000/index.m3u8?msisdn=2026100622030091aa97d06a654d22ba06f30451c0fe3c&mdspid=&spid=699004&netType=0&sid=2200179324&pid=2028597139&timestamp=20261006220300&Channel_ID=0116_2600000900-99000-201600010010027&ProgramID=609006476&ParentNodeID=-99&assertID=2200179324&client_ip=171.8.79.254&SecurityKey=20261006220300&promotionId=&mvid=2200179324&mcid=500020&playurlVersion=WX-A1-9.9.2-SNAPSHOT&userid=&jmhm=&videocodec=h264&appCode=miguvideo_android&bean=mgspad&tid=android&conFee=0&encrypt=409e28a65289cba9f441727395e60d5b
   速度: 7311.52KB/s | 数据量: 7.3KB | 总耗时: 0.01s | 阈值: 120KB/s
[2026-10-07 00:55:29] ✅ 通过阈值 HTTP测速: http://hlsztemgsplive.miguvideo.com:8080/envivo_v/2018/SD/cctv/eyu/1000/index.m3u8?msisdn=202610062203002fe6fb02afe647a2bb9898412e729efc&mdspid=&spid=699004&netType=0&sid=2200179332&pid=2028597139&timestamp=20261006220300&Channel_ID=0116_2600000900-99000-201600010010027&ProgramID=609006446&ParentNodeID=-99&assertID=2200179332&client_ip=171.8.79.254&SecurityKey=20261006220300&promotionId=&mvid=2200179332&mcid=500020&playurlVersion=WX-A1-9.9.2-SNAPSHOT&userid=&jmhm=&videocodec=h264&appCode=miguvideo_android&bean=mgspad&tid=android&conFee=0&encrypt=d9c3860357e9e8079c68ef7fe3a09ff4
   速度: 7311.52KB/s | 数据量: 7.3KB | 总耗时: 0.01s | 阈值: 120KB/s
[2026-10-07 00:55:29] ✅ 通过阈值 HTTP测速: http://hlsztemgsplive.miguvideo.com:8080/migu/kailu/cctvlaogushi/50/20231109/index.m3u8?msisdn=20261006220300fb3938c98f7f4d44bd800babc7d9ce41&mdspid=&spid=699004&netType=0&sid=5910022002&pid=2028597139&timestamp=20261006220300&Channel_ID=0116_2600000900-99000-201600010010027&ProgramID=884121956&ParentNodeID=-99&assertID=5910022002&client_ip=171.8.79.254&SecurityKey=20261006220300&promotionId=&mvid=5900006372&mcid=500020&playurlVersion=WX-A1-9.9.2-SNAPSHOT&userid=&jmhm=&videocodec=h264&appCode=miguvideo_android&bean=mgspad&tid=android&conFee=0&encrypt=d8960b804eec414799a179b84bdc2bbe
   速度: 7311.52KB/s | 数据量: 7.3KB | 总耗时: 0.01s | 阈值: 120KB/s
[2026-10-07 00:55:29] ✅ 通过阈值 HTTP测速: http://hlsztemgsplive.miguvideo.com:8080/wd_r3/cnr/faxianzhilv/1000/index.m3u8?msisdn=202610062203001aeec3da5aa84958b39adda87d8e055e&mdspid=&spid=699004&netType=0&sid=5500212893&pid=2028597139&timestamp=20261006220300&Channel_ID=0116_2600000900-99000-201600010010027&ProgramID=624878970&ParentNodeID=-99&assertID=5500212893&client_ip=171.8.79.254&SecurityKey=20261006220300&promotionId=&mvid=5100001701&mcid=500020&playurlVersion=WX-A1-9.9.2-SNAPSHOT&userid=&jmhm=&videocodec=h264&appCode=miguvideo_android&bean=mgspad&tid=android&conFee=0&encrypt=3e2267e267b64b162745c2dfaf587d90
   速度: 7311.52KB/s | 数据量: 7.3KB | 总耗时: 0.01s | 阈值: 120KB/s
[2026-10-07 00:55:29] ✅ 通过阈值 HTTP测速: http://hlsztemgsplive.miguvideo.com:8080/migu/kailu/20210415/cctvzhongxuesheng/50/index.m3u8?msisdn=202610062203005855dd50d3bc42d7841a421058184c7a&mdspid=&spid=699004&netType=0&sid=5910019355&pid=2028597139&timestamp=20261006220300&Channel_ID=0116_2600000900-99000-201600010010027&ProgramID=708869532&ParentNodeID=-99&assertID=5910019355&client_ip=171.8.79.254&SecurityKey=20261006220300&promotionId=&mvid=5900002149&mcid=500020&playurlVersion=WX-A1-9.9.2-SNAPSHOT&userid=&jmhm=&videocodec=h264&appCode=miguvideo_android&bean=mgspad&tid=android&conFee=0&encrypt=a14d7f874fe75d63cf1b5541a8252d62
   速度: 7311.52KB/s | 数据量: 7.3KB | 总耗时: 0.01s | 阈值: 120KB/s
[2026-10-07 00:55:29] ✅ 通过阈值 HTTP测速: http://hlsztemgsplive.miguvideo.com:8080/envivo_x/2018/SD/cctvnews/1000/index.m3u8?msisdn=20261006220301e87dbbeecd4f40479af6bb5201c81aca&mdspid=&spid=699004&netType=0&sid=2202196407&pid=2028597139&timestamp=20261006220301&Channel_ID=0116_2600000900-99000-201600010010027&ProgramID=609017205&ParentNodeID=-99&assertID=2202196407&client_ip=171.8.79.254&SecurityKey=20261006220301&promotionId=&mvid=2202196407&mcid=500020&playurlVersion=WX-A1-9.9.2-SNAPSHOT&userid=&jmhm=&videocodec=h264&appCode=miguvideo_android&bean=mgspad&tid=android&conFee=0&encrypt=ba4c7f679eb8ec39c23acb529bf9b7af
   速度: 7311.52KB/s | 数据量: 7.3KB | 总耗时: 0.01s | 阈值: 120KB/s
[2026-10-07 00:55:29] ✅ 通过阈值 HTTP测速: http://hlsztemgsplive.miguvideo.com:8080/wd_r3/cctv/titanminglan/600/index.m3u8?msisdn=202610062203017c996201268b482296d45afece428c03&mdspid=&spid=699004&netType=0&sid=5500315687&pid=2028597139&timestamp=20261006220301&Channel_ID=0116_2600000900-99000-201600010010027&ProgramID=629943305&ParentNodeID=-99&assertID=5500315687&client_ip=171.8.79.254&SecurityKey=20261006220301&promotionId=&mvid=5101034219&mcid=500020&playurlVersion=WX-A1-9.9.2-SNAPSHOT&userid=&jmhm=&videocodec=h264&appCode=miguvideo_android&bean=mgspad&tid=android&conFee=0&encrypt=daa9313ab1f13e9068c6879b9503cdcd
   速度: 7311.52KB/s | 数据量: 7.3KB | 总耗时: 0.01s | 阈值: 120KB/s
[2026-10-07 00:55:29] ✅ 通过阈值 HTTP测速: http://hlsztemgsplive.miguvideo.com:8080/wd_r3/cctv/saishijingdian/600/index.m3u8?msisdn=20261006220301ddb48f55069b4271af7dac760a53754b&mdspid=&spid=699004&netType=0&sid=5500592947&pid=2028597139&timestamp=20261006220301&Channel_ID=0116_2600000900-99000-201600010010027&ProgramID=646596895&ParentNodeID=-99&assertID=5500592947&client_ip=171.8.79.254&SecurityKey=20261006220301&promotionId=&mvid=5101034296&mcid=500020&playurlVersion=WX-A1-9.9.2-SNAPSHOT&userid=&jmhm=&videocodec=h264&appCode=miguvideo_android&bean=mgspad&tid=android&conFee=0&encrypt=06223b102f0d42a65d23e08ea42462f0
   速度: 7311.52KB/s | 数据量: 7.3KB | 总耗时: 0.01s | 阈值: 120KB/s
[2026-10-07 00:55:29] ✅ 通过阈值 HTTP测速: http://hlsztemgsplive.miguvideo.com:8080/migu/kailu/sxtyxx/50/20250804/index.m3u8?msisdn=20261006220301241a974408174edaad3870683738173f&mdspid=&spid=600572&netType=0&sid=5910022189&pid=2028597139&timestamp=20261006220301&Channel_ID=0116_2600000900-99000-201600010010027&ProgramID=956909356&ParentNodeID=-99&assertID=5910022189&client_ip=171.8.79.254&SecurityKey=20261006220301&promotionId=&mvid=5900006712&mcid=500020&playurlVersion=WX-A1-9.9.2-SNAPSHOT&userid=&jmhm=&videocodec=h264&appCode=miguvideo_android&bean=mgspad&tid=android&conFee=0&encrypt=0ad6d74dc4f3928b3ce30efc6c18b55d
   速度: 7311.52KB/s | 数据量: 7.3KB | 总耗时: 0.01s | 阈值: 120KB/s
[2026-10-07 00:55:29] ✅ 通过阈值 HTTP测速: http://hlsztemgsplive.miguvideo.com:8080/wd_r4/peoplecn/shdiaoyu/600/index.m3u8?msisdn=202610062203013ef5de1bb4194ee79406fea5c39bcabc&mdspid=&spid=600697&netType=0&sid=5910022184&pid=2028597139&timestamp=20261006220301&Channel_ID=0116_2600000900-99000-201600010010027&ProgramID=637444975&ParentNodeID=-99&assertID=5910022184&client_ip=171.8.79.254&SecurityKey=20261006220301&promotionId=&mvid=5100132656&mcid=500020&playurlVersion=WX-A1-9.9.2-SNAPSHOT&userid=&jmhm=&videocodec=h264&appCode=miguvideo_android&bean=mgspad&tid=android&conFee=0&encrypt=6d8c093571db79ddc1e5beef1752c83c
   速度: 7311.52KB/s | 数据量: 7.3KB | 总耗时: 0.01s | 阈值: 120KB/s
[2026-10-07 00:55:29] ✅ 通过阈值 HTTP测速: http://hlsztemgsplive.miguvideo.com:8080/migu/lunbo/ouzhoubei/50/20240603/index.m3u8?msisdn=202610062203014428016dd34b4761903d243202e889f8&mdspid=&spid=800033&netType=0&sid=5910022136&pid=2028597139&timestamp=20261006220301&Channel_ID=0116_2600000900-99000-201600010010027&ProgramID=915512915&ParentNodeID=-99&assertID=5910022136&client_ip=171.8.79.254&SecurityKey=20261006220301&promotionId=&mvid=5900006618&mcid=500020&playurlVersion=WX-A1-9.9.2-SNAPSHOT&userid=&jmhm=&videocodec=h264&appCode=miguvideo_android&bean=mgspad&tid=android&conFee=0&encrypt=3ef852a8f7fe694219f675e9491a87d3
   速度: 7311.52KB/s | 数据量: 7.3KB | 总耗时: 0.01s | 阈值: 120KB/s
[2026-10-07 00:55:29] ✅ 通过阈值 HTTP测速: http://hlsztemgsplive.miguvideo.com:8080/migu/kailu/wssj/50/20250915/index.m3u8?msisdn=2026100622030217bc8c3e16974e1a976e9ffbd7c45aea&mdspid=&spid=600697&netType=0&sid=5910022201&pid=2028597139&timestamp=20261006220302&Channel_ID=0116_2600000900-99000-201600010010027&ProgramID=958475359&ParentNodeID=-99&assertID=5910022201&client_ip=171.8.79.254&SecurityKey=20261006220302&promotionId=&mvid=5900006724&mcid=500020&playurlVersion=WX-A1-9.9.2-SNAPSHOT&userid=&jmhm=&videocodec=h264&appCode=miguvideo_android&bean=mgspad&tid=android&conFee=0&encrypt=45e3256637bb1dc5ff61cd713af6cb3c
   速度: 7311.52KB/s | 数据量: 7.3KB | 总耗时: 0.01s | 阈值: 120KB/s
[2026-10-07 00:55:29] ✅ 通过阈值 HTTP测速: http://hlsztemgsplive.miguvideo.com:8080/migu/kailu/ydcmklcd/50/20251225/index.m3u8?msisdn=202610062203029e52b5deda0f43ca887061c21a36d770&mdspid=&spid=600603&netType=0&sid=5910022317&pid=2028597139&timestamp=20261006220302&Channel_ID=0116_2600000900-99000-201600010010027&ProgramID=961930263&ParentNodeID=-99&assertID=5910022317&client_ip=171.8.79.254&SecurityKey=20261006220302&promotionId=&mvid=5900006783&mcid=500020&playurlVersion=WX-A1-9.9.2-SNAPSHOT&userid=&jmhm=&videocodec=h264&appCode=miguvideo_android&bean=mgspad&tid=android&conFee=0&encrypt=42fa46d63504e2db44998d27bf5071a1
   速度: 7311.52KB/s | 数据量: 7.3KB | 总耗时: 0.01s | 阈值: 120KB/s
[2026-10-07 00:55:29] ✅ 通过阈值 HTTP测速: http://hlsztemgsplive.miguvideo.com:8080/ws_w/2018/gdws/gdws711/1000/index.m3u8?msisdn=20261007000259eaa939f7f72747dfa6390a74cfc90367&mdspid=&spid=699054&netType=0&sid=2202428795&pid=2028597139&timestamp=20261007000259&Channel_ID=0116_2600000900-99000-201600010010027&ProgramID=608831231&ParentNodeID=-99&assertID=2202428795&client_ip=171.8.79.254&SecurityKey=20261007000259&promotionId=&mvid=2202428795&mcid=500020&playurlVersion=WX-A1-9.9.2-SNAPSHOT&userid=&jmhm=&videocodec=h264&appCode=miguvideo_android&bean=mgspad&tid=android&conFee=0&encrypt=1b3ad3ce9fb771fa37f5e27dfd5711dd
   速度: 7311.52KB/s | 数据量: 7.3KB | 总耗时: 0.07s | 阈值: 120KB/s
[2026-10-07 00:55:29] ✅ 通过阈值 HTTP测速: http://hlsztemgsplive.miguvideo.com:8080/wd_r4/dfl/dongfangwshd/600/index.m3u8?msisdn=20261006220302acf4ffdc2b9544548a2e753d3fc83c5d&mdspid=&spid=600697&netType=0&sid=5910022185&pid=2028597139&timestamp=20261006220302&Channel_ID=0116_2600000900-99000-201600010010027&ProgramID=651632648&ParentNodeID=-99&assertID=5910022185&client_ip=171.8.79.254&SecurityKey=20261006220302&promotionId=&mvid=5100043384&mcid=500020&playurlVersion=WX-A1-9.9.2-SNAPSHOT&userid=&jmhm=&videocodec=h264&appCode=miguvideo_android&bean=mgspad&tid=android&conFee=0&encrypt=b1ea16fee03ac41f73503063f929eb0d
   速度: 7311.52KB/s | 数据量: 7.3KB | 总耗时: 0.08s | 阈值: 120KB/s
[2026-10-07 00:55:29] ✅ 通过阈值 HTTP测速: http://hlsztemgsplive.miguvideo.com:8080/wd_r2/2018/ocn/hubeiwshd/1000/index.m3u8?msisdn=20261006220303f2e18df44e4b4b0895201766c1b91ae1&mdspid=&spid=600633&netType=0&sid=5910022163&pid=2028597139&timestamp=20261006220303&Channel_ID=0116_2600000900-99000-201600010010027&ProgramID=947472496&ParentNodeID=-99&assertID=5910022163&client_ip=171.8.79.254&SecurityKey=20261006220303&promotionId=&mvid=5900004355&mcid=500020&playurlVersion=WX-A1-9.9.2-SNAPSHOT&userid=&jmhm=&videocodec=h264&appCode=miguvideo_android&bean=mgspad&tid=android&conFee=0&encrypt=17ebafdafe55aa7cc1fcdc479f2c321f
   速度: 7311.52KB/s | 数据量: 7.3KB | 总耗时: 0.01s | 阈值: 120KB/s
[2026-10-07 00:55:29] ✅ 通过阈值 HTTP测速: http://hlsztemgsplive.miguvideo.com:8080/migu/kailu/dongnanws/50/20230724/index.m3u8?msisdn=20261006220303296cfac7dc464086a78c0a3cfedf26ce&mdspid=&spid=600717&netType=0&sid=5910022182&pid=2028597139&timestamp=20261006220303&Channel_ID=0116_2600000900-99000-201600010010027&ProgramID=849116810&ParentNodeID=-99&assertID=5910022182&client_ip=171.8.79.254&SecurityKey=20261006220303&promotionId=&mvid=5900006229&mcid=500020&playurlVersion=WX-A1-9.9.2-SNAPSHOT&userid=&jmhm=&videocodec=h264&appCode=miguvideo_android&bean=mgspad&tid=android&conFee=0&encrypt=11ce9fd01eb740fe6368b990b5335087
   速度: 7311.52KB/s | 数据量: 7.3KB | 总耗时: 0.01s | 阈值: 120KB/s
[2026-10-07 00:55:29] ✅ 通过阈值 HTTP测速: http://hlsztemgsplive.miguvideo.com:8080/migu/kailu/haixiaws/50/20230724/index.m3u8?msisdn=20261006220304eccd519d106e4b40880e1b49aeddd7a9&mdspid=&spid=600717&netType=0&sid=5910022183&pid=2028597139&timestamp=20261006220304&Channel_ID=0116_2600000900-99000-201600010010027&ProgramID=849119120&ParentNodeID=-99&assertID=5910022183&client_ip=171.8.79.254&SecurityKey=20261006220304&promotionId=&mvid=5900006231&mcid=500020&playurlVersion=WX-A1-9.9.2-SNAPSHOT&userid=&jmhm=&videocodec=h264&appCode=miguvideo_android&bean=mgspad&tid=android&conFee=0&encrypt=925d84c17a5650b70243e67d2c6b6ed6
   速度: 7311.52KB/s | 数据量: 7.3KB | 总耗时: 0.01s | 阈值: 120KB/s
[2026-10-07 00:55:29] 🚫 未达阈值 HTTP测速: http://113.57.140.161:10081/newlive/live/hls/34/live.m3u8
   速度: 0.89KB/s | 数据量: 0.2KB | 总耗时: 1.77s | 阈值: 120KB/s
[2026-10-07 00:55:29] ✅ 通过阈值 HTTP测速: http://hlsztemgsplive.miguvideo.com:8080/migu/kailu/btws/50/20250804/index.m3u8?msisdn=20261006220304aafa430671aa466a90864c8b9afdab92&mdspid=&spid=600697&netType=0&sid=5910022192&pid=2028597139&timestamp=20261006220304&Channel_ID=0116_2600000900-99000-201600010010027&ProgramID=956923145&ParentNodeID=-99&assertID=5910022192&client_ip=171.8.79.254&SecurityKey=20261006220304&promotionId=&mvid=5900006716&mcid=500020&playurlVersion=WX-A1-9.9.2-SNAPSHOT&userid=&jmhm=&videocodec=h264&appCode=miguvideo_android&bean=mgspad&tid=android&conFee=0&encrypt=d78301a8d37a6488e9dc68f348ea94df
   速度: 7311.52KB/s | 数据量: 7.3KB | 总耗时: 0.02s | 阈值: 120KB/s
[2026-10-07 00:55:29] ✅ 通过阈值 HTTP测速: http://hlsztemgsplive.miguvideo.com:8080/envivo_x/2018/SD/chongqing/1000/index.m3u8?msisdn=20261006220304a22b012481f041aa85bff0930359a24b&mdspid=&spid=600697&netType=0&sid=5910022305&pid=2028597139&timestamp=20261006220304&Channel_ID=0116_2600000900-99000-201600010010027&ProgramID=738910914&ParentNodeID=-99&assertID=5910022305&client_ip=171.8.79.254&SecurityKey=20261006220304&promotionId=&mvid=5900004329&mcid=500020&playurlVersion=WX-A1-9.9.2-SNAPSHOT&userid=&jmhm=&videocodec=h264&appCode=miguvideo_android&bean=mgspad&tid=android&conFee=0&encrypt=72ed1ab0d211f734878e0146d86c6cae
   速度: 7311.52KB/s | 数据量: 7.3KB | 总耗时: 0.01s | 阈值: 120KB/s
[2026-10-07 00:55:29] ✅ 通过阈值 HTTP测速: http://hlsztemgsplive.miguvideo.com:8080/wd_r4/dfl/dianshijuhd/600/index.m3u8?msisdn=20261007000259582193e79e2243f28408967a6f9fea18&mdspid=&spid=699212&netType=0&sid=5500002274&pid=2028597139&timestamp=20261007000259&Channel_ID=0116_2600000900-99000-201600010010027&ProgramID=617290047&ParentNodeID=-99&assertID=5500002274&client_ip=171.8.79.254&SecurityKey=20261007000259&promotionId=&mvid=5100001715&mcid=500020&playurlVersion=WX-A1-9.9.2-SNAPSHOT&userid=&jmhm=&videocodec=h264&appCode=miguvideo_android&bean=mgspad&tid=android&conFee=0&encrypt=30c68ca542fb0f1e0316f937a95d2fdc
   速度: 7311.52KB/s | 数据量: 7.3KB | 总耗时: 0.01s | 阈值: 120KB/s
[2026-10-07 00:55:29] ✅ 通过阈值 HTTP测速: http://hlsztemgsplive.miguvideo.com:8080/wd_r1/2018/bestv/dycj/1000/index.m3u8?msisdn=20261006220305145715dbee1b4cc3a2b8f5bc7cb1e2ef&mdspid=&spid=699212&netType=0&sid=2201008312&pid=2028597139&timestamp=20261006220305&Channel_ID=0116_2600000900-99000-201600010010027&ProgramID=608780988&ParentNodeID=-99&assertID=2201008312&client_ip=171.8.79.254&SecurityKey=20261006220305&promotionId=&mvid=2201008312&mcid=500020&playurlVersion=WX-A1-9.9.2-SNAPSHOT&userid=&jmhm=&videocodec=h264&appCode=miguvideo_android&bean=mgspad&tid=android&conFee=0&encrypt=fcf2b057d25ba9354bc622340d9a2f5e
   速度: 7311.52KB/s | 数据量: 7.3KB | 总耗时: 0.01s | 阈值: 120KB/s
[2026-10-07 00:55:29] ✅ 通过阈值 HTTP测速: http://hlsztemgsplive.miguvideo.com:8080/wd_r4/dfl/xinwenzonghehd/600/index.m3u8?msisdn=202610062203058c6c4817d35943eea6a12499316018b3&mdspid=&spid=600697&netType=0&sid=5910022325&pid=2028597139&timestamp=20261006220305&Channel_ID=0116_2600000900-99000-201600010010027&ProgramID=651632657&ParentNodeID=-99&assertID=5910022325&client_ip=171.8.79.254&SecurityKey=20261006220305&promotionId=&mvid=5100001716&mcid=500020&playurlVersion=WX-A1-9.9.2-SNAPSHOT&userid=&jmhm=&videocodec=h264&appCode=miguvideo_android&bean=mgspad&tid=android&conFee=0&encrypt=b9a02dc421f90ba90c03c49e6023face
   速度: 7311.52KB/s | 数据量: 7.3KB | 总耗时: 0.02s | 阈值: 120KB/s
[2026-10-07 00:55:29] ✅ 通过阈值 HTTP测速: http://hlsztemgsplive.miguvideo.com:8080/migu/kailu/nanjingxwzh/50/20230719/index.m3u8?msisdn=202610062203058eb4164f1f22470ea06c4b0d52469000&mdspid=&spid=699067&netType=0&sid=5910021863&pid=2028597139&timestamp=20261006220305&Channel_ID=0116_2600000900-99000-201600010010027&ProgramID=838109047&ParentNodeID=-99&assertID=5910021863&client_ip=171.8.79.254&SecurityKey=20261006220305&promotionId=&mvid=5900006203&mcid=500020&playurlVersion=WX-A1-9.9.2-SNAPSHOT&userid=&jmhm=&videocodec=h264&appCode=miguvideo_android&bean=mgspad&tid=android&conFee=0&encrypt=c95d1606638398b6d37ca654f397b02f
   速度: 7311.52KB/s | 数据量: 7.3KB | 总耗时: 0.01s | 阈值: 120KB/s
[2026-10-07 00:55:29] ✅ 通过阈值 HTTP测速: http://hlsztemgsplive.miguvideo.com:8080/migu/kailu/nanjingsb/50/20230719/index.m3u8?msisdn=202610062203058eb6b815b6fd4efbadac4aa2b95531e6&mdspid=&spid=699067&netType=0&sid=5910021864&pid=2028597139&timestamp=20261006220305&Channel_ID=0116_2600000900-99000-201600010010027&ProgramID=838151753&ParentNodeID=-99&assertID=5910021864&client_ip=171.8.79.254&SecurityKey=20261006220305&promotionId=&mvid=5900006207&mcid=500020&playurlVersion=WX-A1-9.9.2-SNAPSHOT&userid=&jmhm=&videocodec=h264&appCode=miguvideo_android&bean=mgspad&tid=android&conFee=0&encrypt=0931d9fed990af6d2cab299555f90f94
   速度: 7311.52KB/s | 数据量: 7.3KB | 总耗时: 0.01s | 阈值: 120KB/s
[2026-10-07 00:55:29] ✅ 通过阈值 HTTP测速: http://hlsztemgsplive.miguvideo.com:8080/migu/kailu/nanjingkj/50/20230719/index.m3u8?msisdn=2026100622030536632fb421c641ca8510f8d759e958bb&mdspid=&spid=699067&netType=0&sid=5910021865&pid=2028597139&timestamp=20261006220305&Channel_ID=0116_2600000900-99000-201600010010027&ProgramID=838153729&ParentNodeID=-99&assertID=5910021865&client_ip=171.8.79.254&SecurityKey=20261006220305&promotionId=&mvid=5900006205&mcid=500020&playurlVersion=WX-A1-9.9.2-SNAPSHOT&userid=&jmhm=&videocodec=h264&appCode=miguvideo_android&bean=mgspad&tid=android&conFee=0&encrypt=bdb9f5003393d53ced3d7bd8be9ae5bc
   速度: 7311.52KB/s | 数据量: 7.3KB | 总耗时: 0.01s | 阈值: 120KB/s
[2026-10-07 00:55:29] ✅ 通过阈值 HTTP测速: http://hlsztemgsplive.miguvideo.com:8080/wd_r2/jstv/jschengshi/600/index.m3u8?msisdn=20261006220306b10eb5a68423491b8afe390c914cfc8c&mdspid=&spid=699067&netType=0&sid=5500260508&pid=2028597139&timestamp=20261006220306&Channel_ID=0116_2600000900-99000-201600010010027&ProgramID=626064714&ParentNodeID=-99&assertID=5500260508&client_ip=171.8.79.254&SecurityKey=20261006220306&promotionId=&mvid=5100186409&mcid=500020&playurlVersion=WX-A1-9.9.2-SNAPSHOT&userid=&jmhm=&videocodec=h264&appCode=miguvideo_android&bean=mgspad&tid=android&conFee=0&encrypt=4928ac5dbee569235ace0fb537708d89
   速度: 7311.52KB/s | 数据量: 7.3KB | 总耗时: 0.01s | 阈值: 120KB/s
[2026-10-07 00:55:29] ✅ 通过阈值 HTTP测速: http://hlsztemgsplive.miguvideo.com:8080/wd_r2/jstv/jstiyu/600/index.m3u8?msisdn=20261006220306cc9fa94724a74ebc9fdfba2941bb3654&mdspid=&spid=699067&netType=0&sid=5500260554&pid=2028597139&timestamp=20261006220306&Channel_ID=0116_2600000900-99000-201600010010027&ProgramID=626064707&ParentNodeID=-99&assertID=5500260554&client_ip=171.8.79.254&SecurityKey=20261006220306&promotionId=&mvid=5100186459&mcid=500020&playurlVersion=WX-A1-9.9.2-SNAPSHOT&userid=&jmhm=&videocodec=h264&appCode=miguvideo_android&bean=mgspad&tid=android&conFee=0&encrypt=db6eef36ed9682be1e5b1cc238a03bdb
   速度: 7311.52KB/s | 数据量: 7.3KB | 总耗时: 0.01s | 阈值: 120KB/s
[2026-10-07 00:55:29] ✅ 通过阈值 HTTP测速: http://hlsztemgsplive.miguvideo.com:8080/wd_r2/jstv/jsguoji/600/index.m3u8?msisdn=20261006220306fcd4b99a96d9470da74ee07f27b801b3&mdspid=&spid=699067&netType=0&sid=5500260577&pid=2028597139&timestamp=20261006220306&Channel_ID=0116_2600000900-99000-201600010010027&ProgramID=626064674&ParentNodeID=-99&assertID=5500260577&client_ip=171.8.79.254&SecurityKey=20261006220306&promotionId=&mvid=5100186482&mcid=500020&playurlVersion=WX-A1-9.9.2-SNAPSHOT&userid=&jmhm=&videocodec=h264&appCode=miguvideo_android&bean=mgspad&tid=android&conFee=0&encrypt=27c4e8d7a63c4b3bd77eede1a336c174
   速度: 7311.52KB/s | 数据量: 7.3KB | 总耗时: 0.02s | 阈值: 120KB/s
[2026-10-07 00:55:29] ✅ 通过阈值 HTTP测速: http://hlsztemgsplive.miguvideo.com:8080/wd_r2/jstv/jsyingshi/600/index.m3u8?msisdn=20261006220306a1f329eceba346c4a416b9f20c79dc76&mdspid=&spid=699067&netType=0&sid=5500260517&pid=2028597139&timestamp=20261006220306&Channel_ID=0116_2600000900-99000-201600010010027&ProgramID=626064697&ParentNodeID=-99&assertID=5500260517&client_ip=171.8.79.254&SecurityKey=20261006220306&promotionId=&mvid=5100186424&mcid=500020&playurlVersion=WX-A1-9.9.2-SNAPSHOT&userid=&jmhm=&videocodec=h264&appCode=miguvideo_android&bean=mgspad&tid=android&conFee=0&encrypt=95f236dcdd15ce0380f641f8c210920f
   速度: 7311.52KB/s | 数据量: 7.3KB | 总耗时: 0.01s | 阈值: 120KB/s
[2026-10-07 00:55:29] ✅ 通过阈值 HTTP测速: http://hlsztemgsplive.miguvideo.com:8080/wd_r2/jstv/jsjiaoyu/600/index.m3u8?msisdn=20261006220306e01f89b1cbeb4759a602444d3e0cd217&mdspid=&spid=699067&netType=0&sid=5500287493&pid=2028597139&timestamp=20261006220306&Channel_ID=0116_2600000900-99000-201600010010027&ProgramID=628008321&ParentNodeID=-99&assertID=5500287493&client_ip=171.8.79.254&SecurityKey=20261006220306&promotionId=&mvid=5101012819&mcid=500020&playurlVersion=WX-A1-9.9.2-SNAPSHOT&userid=&jmhm=&videocodec=h264&appCode=miguvideo_android&bean=mgspad&tid=android&conFee=0&encrypt=fe911132583b7a1296f21996c86486bd
   速度: 7311.52KB/s | 数据量: 7.3KB | 总耗时: 0.01s | 阈值: 120KB/s
[2026-10-07 00:55:29] ✅ 通过阈值 HTTP测速: http://hlsztemgsplive.miguvideo.com:8080/wd_r2/jstv/jsgonggong/600/index.m3u8?msisdn=202610062203071845f0ee759042f79e69e4dda85cc4ac&mdspid=&spid=699067&netType=0&sid=5500260520&pid=2028597139&timestamp=20261006220307&Channel_ID=0116_2600000900-99000-201600010010027&ProgramID=626064693&ParentNodeID=-99&assertID=5500260520&client_ip=171.8.79.254&SecurityKey=20261006220307&promotionId=&mvid=5100186429&mcid=500020&playurlVersion=WX-A1-9.9.2-SNAPSHOT&userid=&jmhm=&videocodec=h264&appCode=miguvideo_android&bean=mgspad&tid=android&conFee=0&encrypt=eb4433b5b726aaffa89750f9a2616e4e
   速度: 7311.52KB/s | 数据量: 7.3KB | 总耗时: 0.01s | 阈值: 120KB/s
[2026-10-07 00:55:29] ✅ 通过阈值 HTTP测速: http://hlsztemgsplive.miguvideo.com:8080/wd_r2/jstv/jszongyi/600/index.m3u8?msisdn=20261006220306ba73fcf36e8d43b99aaa11ddb1053603&mdspid=&spid=699067&netType=0&sid=5500260513&pid=2028597139&timestamp=20261006220306&Channel_ID=0116_2600000900-99000-201600010010027&ProgramID=626065193&ParentNodeID=-99&assertID=5500260513&client_ip=171.8.79.254&SecurityKey=20261006220306&promotionId=&mvid=5100186420&mcid=500020&playurlVersion=WX-A1-9.9.2-SNAPSHOT&userid=&jmhm=&videocodec=h264&appCode=miguvideo_android&bean=mgspad&tid=android&conFee=0&encrypt=8f3dd38435075335f9077f5dcbe97f81
   速度: 7311.52KB/s | 数据量: 7.3KB | 总耗时: 0.01s | 阈值: 120KB/s
[2026-10-07 00:55:29] ✅ 通过阈值 HTTP测速: http://hlsztemgsplive.miguvideo.com:8080/migu/kailu/ycxwzh/50/20250604/index.m3u8?msisdn=20261006220307d651122e17e94abcab25c19c788f37e6&mdspid=&spid=699067&netType=0&sid=5500469360&pid=2028597139&timestamp=20261006220307&Channel_ID=0116_2600000900-99000-201600010010027&ProgramID=639731825&ParentNodeID=-99&assertID=5500469360&client_ip=171.8.79.254&SecurityKey=20261006220307&promotionId=&mvid=5102012617&mcid=500020&playurlVersion=WX-A1-9.9.2-SNAPSHOT&userid=&jmhm=&videocodec=h264&appCode=miguvideo_android&bean=mgspad&tid=android&conFee=0&encrypt=07a12f50d545588f6fd330d133f31f97
   速度: 7311.52KB/s | 数据量: 7.3KB | 总耗时: 0.01s | 阈值: 120KB/s
[2026-10-07 00:55:29] ✅ 通过阈值 HTTP测速: http://hlsztemgsplive.miguvideo.com:8080/wd_r2/jstv/haxinwenzonghe/600/index.m3u8?msisdn=202610062203076814be71be0c4134a5087f42069548f4&mdspid=&spid=699067&netType=0&sid=5500469363&pid=2028597139&timestamp=20261006220307&Channel_ID=0116_2600000900-99000-201600010010027&ProgramID=639731826&ParentNodeID=-99&assertID=5500469363&client_ip=171.8.79.254&SecurityKey=20261006220307&promotionId=&mvid=5102012618&mcid=500020&playurlVersion=WX-A1-9.9.2-SNAPSHOT&userid=&jmhm=&videocodec=h264&appCode=miguvideo_android&bean=mgspad&tid=android&conFee=0&encrypt=c67ed04f1cfcda0a9f091c63e2de8546
   速度: 7311.52KB/s | 数据量: 7.3KB | 总耗时: 0.01s | 阈值: 120KB/s
[2026-10-07 00:55:29] ✅ 通过阈值 HTTP测速: http://hlsztemgsplive.miguvideo.com:8080/wd_r2/jstv/lygxinwenzonghe/600/index.m3u8?msisdn=202610062203082cf36953b96447a4bfb1b6cce84d3e54&mdspid=&spid=699067&netType=0&sid=5500469369&pid=2028597139&timestamp=20261006220308&Channel_ID=0116_2600000900-99000-201600010010027&ProgramID=639731715&ParentNodeID=-99&assertID=5500469369&client_ip=171.8.79.254&SecurityKey=20261006220308&promotionId=&mvid=5102012621&mcid=500020&playurlVersion=WX-A1-9.9.2-SNAPSHOT&userid=&jmhm=&videocodec=h264&appCode=miguvideo_android&bean=mgspad&tid=android&conFee=0&encrypt=65afce9f64a5979f700981af2105f9d2
   速度: 7311.52KB/s | 数据量: 7.3KB | 总耗时: 0.01s | 阈值: 120KB/s
[2026-10-07 00:55:29] ✅ 通过阈值 HTTP测速: http://hlsztemgsplive.miguvideo.com:8080/wd_r2/jstv/sqxinwenzonghe/600/index.m3u8?msisdn=202610062203080fc505359253437db9944b03c629666d&mdspid=&spid=699067&netType=0&sid=5500469357&pid=2028597139&timestamp=20261006220308&Channel_ID=0116_2600000900-99000-201600010010027&ProgramID=639731832&ParentNodeID=-99&assertID=5500469357&client_ip=171.8.79.254&SecurityKey=20261006220308&promotionId=&mvid=5102012616&mcid=500020&playurlVersion=WX-A1-9.9.2-SNAPSHOT&userid=&jmhm=&videocodec=h264&appCode=miguvideo_android&bean=mgspad&tid=android&conFee=0&encrypt=9b154b9a3cbca14c5ceca580eee80422
   速度: 7311.52KB/s | 数据量: 7.3KB | 总耗时: 0.01s | 阈值: 120KB/s
[2026-10-07 00:55:29] ✅ 通过阈值 HTTP测速: http://hlsztemgsplive.miguvideo.com:8080/wd_r2/jstv/ymkt/600/index.m3u8?msisdn=20261006220308d64b6e5599c14d02b869e43e6671785e&mdspid=&spid=699067&netType=0&sid=5500260553&pid=2028597139&timestamp=20261006220308&Channel_ID=0116_2600000900-99000-201600010010027&ProgramID=626064703&ParentNodeID=-99&assertID=5500260553&client_ip=171.8.79.254&SecurityKey=20261006220308&promotionId=&mvid=5100186455&mcid=500020&playurlVersion=WX-A1-9.9.2-SNAPSHOT&userid=&jmhm=&videocodec=h264&appCode=miguvideo_android&bean=mgspad&tid=android&conFee=0&encrypt=9f3617e974b38f827ef3d23513fa3ed0
   速度: 7311.52KB/s | 数据量: 7.3KB | 总耗时: 0.01s | 阈值: 120KB/s
[2026-10-07 00:55:29] ✅ 通过阈值 HTTP测速: http://hlsztemgsplive.miguvideo.com:8080/wd_r2/jstv/tzxinwenzonghe/600/index.m3u8?msisdn=20261006220307bf2b02e7840a4d7fa8aa8d12adf32017&mdspid=&spid=699067&netType=0&sid=5500469354&pid=2028597139&timestamp=20261006220307&Channel_ID=0116_2600000900-99000-201600010010027&ProgramID=639731818&ParentNodeID=-99&assertID=5500469354&client_ip=171.8.79.254&SecurityKey=20261006220307&promotionId=&mvid=5102012615&mcid=500020&playurlVersion=WX-A1-9.9.2-SNAPSHOT&userid=&jmhm=&videocodec=h264&appCode=miguvideo_android&bean=mgspad&tid=android&conFee=0&encrypt=31f8e72f6ce6b5404ccd7d90598f0e19
   速度: 7311.52KB/s | 数据量: 7.3KB | 总耗时: 0.03s | 阈值: 120KB/s
[2026-10-07 00:55:29] ✅ 通过阈值 HTTP测速: http://hlsztemgsplive.miguvideo.com:8080/wd_r2/jstv/xzxinwenzonghe/600/index.m3u8?msisdn=2026100622030812478384e5cb4d2cab8693d0f465c394&mdspid=&spid=699067&netType=0&sid=5500469368&pid=2028597139&timestamp=20261006220308&Channel_ID=0116_2600000900-99000-201600010010027&ProgramID=639731747&ParentNodeID=-99&assertID=5500469368&client_ip=171.8.79.254&SecurityKey=20261006220308&promotionId=&mvid=5102012620&mcid=500020&playurlVersion=WX-A1-9.9.2-SNAPSHOT&userid=&jmhm=&videocodec=h264&appCode=miguvideo_android&bean=mgspad&tid=android&conFee=0&encrypt=25d86e786c906d1ff3f4b498704fcbea
   速度: 7311.52KB/s | 数据量: 7.3KB | 总耗时: 0.02s | 阈值: 120KB/s
[2026-10-07 00:55:29] ✅ 通过阈值 HTTP测速: http://hlsztemgsplive.miguvideo.com:8080/migu/kailu/jyxwzh/50/20250604/index.m3u8?msisdn=2026100622030810997921f3e64c3fbe047aa652b5a599&mdspid=&spid=699067&netType=0&sid=5910022177&pid=2028597139&timestamp=20261006220308&Channel_ID=0116_2600000900-99000-201600010010027&ProgramID=955227979&ParentNodeID=-99&assertID=5910022177&client_ip=171.8.79.254&SecurityKey=20261006220308&promotionId=&mvid=5900006705&mcid=500020&playurlVersion=WX-A1-9.9.2-SNAPSHOT&userid=&jmhm=&videocodec=h264&appCode=miguvideo_android&bean=mgspad&tid=android&conFee=0&encrypt=bcf67e0abf9c6c7ea13c51db0902487a
   速度: 7311.52KB/s | 数据量: 7.3KB | 总耗时: 0.01s | 阈值: 120KB/s
[2026-10-07 00:55:29] ✅ 通过阈值 HTTP测速: http://hlsztemgsplive.miguvideo.com:8080/migu/kailu/yxxwzh/50/20250604/index.m3u8?msisdn=20261006220309177677a223174035b30cf740fe716c89&mdspid=&spid=699067&netType=0&sid=5910022179&pid=2028597139&timestamp=20261006220309&Channel_ID=0116_2600000900-99000-201600010010027&ProgramID=955227996&ParentNodeID=-99&assertID=5910022179&client_ip=171.8.79.254&SecurityKey=20261006220309&promotionId=&mvid=5900006707&mcid=500020&playurlVersion=WX-A1-9.9.2-SNAPSHOT&userid=&jmhm=&videocodec=h264&appCode=miguvideo_android&bean=mgspad&tid=android&conFee=0&encrypt=a95e9ee07af0cc0bd57f95cd041a9129
   速度: 7311.52KB/s | 数据量: 7.3KB | 总耗时: 0.01s | 阈值: 120KB/s
[2026-10-07 00:55:29] ✅ 通过阈值 HTTP测速: http://hlsztemgsplive.miguvideo.com:8080/migu/kailu/wxxwzh/50/20250604/index.m3u8?msisdn=202610062203095a96254e7498410e8254a48fe8a008ab&mdspid=&spid=699067&netType=0&sid=5500469349&pid=2028597139&timestamp=20261006220309&Channel_ID=0116_2600000900-99000-201600010010027&ProgramID=639737327&ParentNodeID=-99&assertID=5500469349&client_ip=171.8.79.254&SecurityKey=20261006220309&promotionId=&mvid=5102012612&mcid=500020&playurlVersion=WX-A1-9.9.2-SNAPSHOT&userid=&jmhm=&videocodec=h264&appCode=miguvideo_android&bean=mgspad&tid=android&conFee=0&encrypt=56763025baffb23a6f85ef11e5bbe161
   速度: 7311.52KB/s | 数据量: 7.3KB | 总耗时: 0.01s | 阈值: 120KB/s
[2026-10-07 00:55:29] ✅ 通过阈值 HTTP测速: http://hlsztemgsplive.miguvideo.com:8080/migu/kailu/ntxwzh/50/20250604/index.m3u8?msisdn=202610062203089fe8b65e09c341d2b90f43321b712b08&mdspid=&spid=699067&netType=0&sid=5910022178&pid=2028597139&timestamp=20261006220308&Channel_ID=0116_2600000900-99000-201600010010027&ProgramID=955227985&ParentNodeID=-99&assertID=5910022178&client_ip=171.8.79.254&SecurityKey=20261006220308&promotionId=&mvid=5900006706&mcid=500020&playurlVersion=WX-A1-9.9.2-SNAPSHOT&userid=&jmhm=&videocodec=h264&appCode=miguvideo_android&bean=mgspad&tid=android&conFee=0&encrypt=f85f304ab7aa439de1eafca7adb83576
   速度: 7311.52KB/s | 数据量: 7.3KB | 总耗时: 0.02s | 阈值: 120KB/s
[2026-10-07 00:55:29] ✅ 通过阈值 HTTP测速: http://hlsztemgsplive.miguvideo.com:8080/migu/kailu/sxylpd/50/20250804/index.m3u8?msisdn=20261006220309fbf4ea91c6c042ffaac3df70a31730c0&mdspid=&spid=600572&netType=0&sid=5910022191&pid=2028597139&timestamp=20261006220309&Channel_ID=0116_2600000900-99000-201600010010027&ProgramID=956909362&ParentNodeID=-99&assertID=5910022191&client_ip=171.8.79.254&SecurityKey=20261006220309&promotionId=&mvid=5900006714&mcid=500020&playurlVersion=WX-A1-9.9.2-SNAPSHOT&userid=&jmhm=&videocodec=h264&appCode=miguvideo_android&bean=mgspad&tid=android&conFee=0&encrypt=e89af1b97c5edc06642c35106990dafe
   速度: 7311.52KB/s | 数据量: 7.3KB | 总耗时: 0.01s | 阈值: 120KB/s
[2026-10-07 00:55:29] ✅ 通过阈值 HTTP测速: http://hlsztemgsplive.miguvideo.com:8080/migu/kailu/sxqqpd/50/20250804/index.m3u8?msisdn=20261006220309a0823258cf754803ab92126a24a7febb&mdspid=&spid=600572&netType=0&sid=5910022188&pid=2028597139&timestamp=20261006220309&Channel_ID=0116_2600000900-99000-201600010010027&ProgramID=956909303&ParentNodeID=-99&assertID=5910022188&client_ip=171.8.79.254&SecurityKey=20261006220309&promotionId=&mvid=5900006711&mcid=500020&playurlVersion=WX-A1-9.9.2-SNAPSHOT&userid=&jmhm=&videocodec=h264&appCode=miguvideo_android&bean=mgspad&tid=android&conFee=0&encrypt=dad74a3eda456523c8443f6ba1facb92
   速度: 7311.52KB/s | 数据量: 7.3KB | 总耗时: 0.01s | 阈值: 120KB/s
[2026-10-07 00:55:29] ✅ 通过阈值 HTTP测速: http://hlsztemgsplive.miguvideo.com:8080/migu/kailu/sxxwzx/50/20250804/index.m3u8?msisdn=20261006220309f903022fdd8045a49a3206a5e1f79665&mdspid=&spid=600572&netType=0&sid=5910022187&pid=2028597139&timestamp=20261006220309&Channel_ID=0116_2600000900-99000-201600010010027&ProgramID=956909289&ParentNodeID=-99&assertID=5910022187&client_ip=171.8.79.254&SecurityKey=20261006220309&promotionId=&mvid=5900006710&mcid=500020&playurlVersion=WX-A1-9.9.2-SNAPSHOT&userid=&jmhm=&videocodec=h264&appCode=miguvideo_android&bean=mgspad&tid=android&conFee=0&encrypt=a289cb923d12eb6e7136b3739f408ba3
   速度: 7311.52KB/s | 数据量: 7.3KB | 总耗时: 0.01s | 阈值: 120KB/s
[2026-10-07 00:55:29] ✅ 通过阈值 HTTP测速: http://hlsztemgsplive.miguvideo.com:8080/migu/kailu/sxdsqc/50/20250804/index.m3u8?msisdn=20261006220309eadfd7c9ed5c4bbba923f66fe9abe1f4&mdspid=&spid=600572&netType=0&sid=5910022190&pid=2028597139&timestamp=20261006220309&Channel_ID=0116_2600000900-99000-201600010010027&ProgramID=956909358&ParentNodeID=-99&assertID=5910022190&client_ip=171.8.79.254&SecurityKey=20261006220309&promotionId=&mvid=5900006713&mcid=500020&playurlVersion=WX-A1-9.9.2-SNAPSHOT&userid=&jmhm=&videocodec=h264&appCode=miguvideo_android&bean=mgspad&tid=android&conFee=0&encrypt=b5408e6764865b2ad6320bf4dd172867
   速度: 7311.52KB/s | 数据量: 7.3KB | 总耗时: 0.02s | 阈值: 120KB/s
[2026-10-07 00:55:29] ✅ 通过阈值 HTTP测速: http://hlsztemgsplive.miguvideo.com:8080/migu/kailu/cftx/50/20250804/index.m3u8?msisdn=202610062203103785c77f48e448e29b45ced12132fad4&mdspid=&spid=600697&netType=0&sid=5910022193&pid=2028597139&timestamp=20261006220310&Channel_ID=0116_2600000900-99000-201600010010027&ProgramID=956923159&ParentNodeID=-99&assertID=5910022193&client_ip=171.8.79.254&SecurityKey=20261006220310&promotionId=&mvid=5900006715&mcid=500020&playurlVersion=WX-A1-9.9.2-SNAPSHOT&userid=&jmhm=&videocodec=h264&appCode=miguvideo_android&bean=mgspad&tid=android&conFee=0&encrypt=d535105f38694f5829ec5e982bc85722
   速度: 7311.52KB/s | 数据量: 7.3KB | 总耗时: 0.01s | 阈值: 120KB/s
[2026-10-07 00:55:29] ✅ 通过阈值 HTTP测速: http://hlsztemgsplive.miguvideo.com:8080/migu/kailu/lnysj/50/20251225/index.m3u8?msisdn=2026100622031014adc45328ac4dbeaac7162d72fdf82e&mdspid=&spid=600697&netType=0&sid=5910022326&pid=2028597139&timestamp=20261006220310&Channel_ID=0116_2600000900-99000-201600010010027&ProgramID=962067517&ParentNodeID=-99&assertID=5910022326&client_ip=171.8.79.254&SecurityKey=20261006220310&promotionId=&mvid=5900006789&mcid=500020&playurlVersion=WX-A1-9.9.2-SNAPSHOT&userid=&jmhm=&videocodec=h264&appCode=miguvideo_android&bean=mgspad&tid=android&conFee=0&encrypt=5b43b88a7d9d6a594be51c6dc0437e7d
   速度: 7311.52KB/s | 数据量: 7.3KB | 总耗时: 0.01s | 阈值: 120KB/s
[2026-10-07 00:55:29] ✅ 通过阈值 HTTP测速: http://hlsztemgsplive.miguvideo.com:8080/migu/kailu/zjxwzh/50/20251127/index.m3u8?msisdn=202610062203106bc67cfca92a4257aa1e8c46300ddd25&mdspid=&spid=699067&netType=0&sid=5500469365&pid=2028597139&timestamp=20261006220310&Channel_ID=0116_2600000900-99000-201600010010027&ProgramID=639731783&ParentNodeID=-99&assertID=5500469365&client_ip=171.8.79.254&SecurityKey=20261006220310&promotionId=&mvid=5102012619&mcid=500020&playurlVersion=WX-A1-9.9.2-SNAPSHOT&userid=&jmhm=&videocodec=h264&appCode=miguvideo_android&bean=mgspad&tid=android&conFee=0&encrypt=eb0024d18a23578858e72b2ec1e55655
   速度: 7311.52KB/s | 数据量: 7.3KB | 总耗时: 0.01s | 阈值: 120KB/s
[2026-10-07 00:55:29] ✅ 通过阈值 HTTP测速: http://hlsztemgsplive.miguvideo.com:8080/migu/kailu/lnsh/50/20251225/index.m3u8?msisdn=20261006220310a2b05d39dc5c43218732c981be73fe70&mdspid=&spid=600697&netType=0&sid=5910022324&pid=2028597139&timestamp=20261006220310&Channel_ID=0116_2600000900-99000-201600010010027&ProgramID=962045226&ParentNodeID=-99&assertID=5910022324&client_ip=171.8.79.254&SecurityKey=20261006220310&promotionId=&mvid=5900006792&mcid=500020&playurlVersion=WX-A1-9.9.2-SNAPSHOT&userid=&jmhm=&videocodec=h264&appCode=miguvideo_android&bean=mgspad&tid=android&conFee=0&encrypt=34af95e7b6144083b4c740b510a00346
   速度: 7311.52KB/s | 数据量: 7.3KB | 总耗时: 0.01s | 阈值: 120KB/s
[2026-10-07 00:55:29] ✅ 通过阈值 HTTP测速: http://hlsztemgsplive.miguvideo.com:8080/migu/kailu/lngg/50/20251225/index.m3u8?msisdn=20261006220310b4500ef72c1341368e526bc8f120256b&mdspid=&spid=600697&netType=0&sid=5910022323&pid=2028597139&timestamp=20261006220310&Channel_ID=0116_2600000900-99000-201600010010027&ProgramID=962045223&ParentNodeID=-99&assertID=5910022323&client_ip=171.8.79.254&SecurityKey=20261006220310&promotionId=&mvid=5900006791&mcid=500020&playurlVersion=WX-A1-9.9.2-SNAPSHOT&userid=&jmhm=&videocodec=h264&appCode=miguvideo_android&bean=mgspad&tid=android&conFee=0&encrypt=ff293c9e99ec3ab311ae66327f109820
   速度: 7311.52KB/s | 数据量: 7.3KB | 总耗时: 0.01s | 阈值: 120KB/s
[2026-10-07 00:55:29] ✅ 通过阈值 HTTP测速: http://hlsztemgsplive.miguvideo.com:8080/migu/kailu/lntyxx/50/20251225/index.m3u8?msisdn=2026100622031015cd155e19514a21877bd26164bd7128&mdspid=&spid=600697&netType=0&sid=5910022329&pid=2028597139&timestamp=20261006220310&Channel_ID=0116_2600000900-99000-201600010010027&ProgramID=962067526&ParentNodeID=-99&assertID=5910022329&client_ip=171.8.79.254&SecurityKey=20261006220310&promotionId=&mvid=5900006790&mcid=500020&playurlVersion=WX-A1-9.9.2-SNAPSHOT&userid=&jmhm=&videocodec=h264&appCode=miguvideo_android&bean=mgspad&tid=android&conFee=0&encrypt=35521e7a05abafbe45822618c59241b9
   速度: 7311.52KB/s | 数据量: 7.3KB | 总耗时: 0.01s | 阈值: 120KB/s
[2026-10-07 00:55:29] ✅ 通过阈值 HTTP测速: http://hlsztemgsplive.miguvideo.com:8080/migu/kailu/nxwl/50/20251225/index.m3u8?msisdn=202610062203116d81a16a9fef45cb99531a5f628c8559&mdspid=&spid=600697&netType=0&sid=5910022328&pid=2028597139&timestamp=20261006220311&Channel_ID=0116_2600000900-99000-201600010010027&ProgramID=962067523&ParentNodeID=-99&assertID=5910022328&client_ip=171.8.79.254&SecurityKey=20261006220311&promotionId=&mvid=5900006788&mcid=500020&playurlVersion=WX-A1-9.9.2-SNAPSHOT&userid=&jmhm=&videocodec=h264&appCode=miguvideo_android&bean=mgspad&tid=android&conFee=0&encrypt=5bc380818926b64e99fe884245c9eb5a
   速度: 7311.52KB/s | 数据量: 7.3KB | 总耗时: 0.01s | 阈值: 120KB/s
[2026-10-07 00:55:29] ✅ 通过阈值 HTTP测速: http://hlsztemgsplive.miguvideo.com:8080/migu/kailu/szxwzh/50/20250604/index.m3u8?msisdn=202610062203115c733a85c7954124817e6f0e58fe006b&mdspid=&spid=600697&netType=0&sid=5910022410&pid=2028597139&timestamp=20261006220311&Channel_ID=0116_2600000900-99000-201600010010027&ProgramID=639731952&ParentNodeID=-99&assertID=5910022410&client_ip=171.8.79.254&SecurityKey=20261006220311&promotionId=&mvid=5102012610&mcid=500020&playurlVersion=WX-A1-9.9.2-SNAPSHOT&userid=&jmhm=&videocodec=h264&appCode=miguvideo_android&bean=mgspad&tid=android&conFee=0&encrypt=3508f8e6db797ebcab6fad83b3abec89
   速度: 7311.52KB/s | 数据量: 7.3KB | 总耗时: 0.01s | 阈值: 120KB/s
[2026-10-07 00:55:29] ✅ 通过阈值 HTTP测速: http://hlsztemgsplive.miguvideo.com:8080/migu/virtuallive2/5900002413/50/20210706/index.m3u8?msisdn=20261006220311f7d73a7f5ff84c31adade93ceefaddb4&mdspid=&spid=800033&netType=0&sid=5910019527&pid=2028597139&timestamp=20261006220311&Channel_ID=0116_2600000900-99000-201600010010027&ProgramID=713600957&ParentNodeID=-99&assertID=5910019527&client_ip=171.8.79.254&SecurityKey=20261006220311&promotionId=&mvid=5900002443&mcid=500020&playurlVersion=WX-A1-9.9.2-SNAPSHOT&userid=&jmhm=&videocodec=h264&appCode=miguvideo_android&bean=mgspad&tid=android&conFee=0&encrypt=669866befb3fbf90ba205dded13f90ba
   速度: 7311.52KB/s | 数据量: 7.3KB | 总耗时: 0.01s | 阈值: 120KB/s
[2026-10-07 00:55:29] ✅ 通过阈值 HTTP测速: http://hlsztemgsplive.miguvideo.com:8080/wd-virtuallive5100030975-75/index.m3u8?msisdn=20261006220311079a9e4127784788bac30cca97764304&mdspid=&spid=800033&netType=0&sid=5500035175&pid=2028597139&timestamp=20261006220311&Channel_ID=0116_2600000900-99000-201600010010027&ProgramID=619495952&ParentNodeID=-99&assertID=5500035175&client_ip=171.8.79.254&SecurityKey=20261006220311&promotionId=&mvid=5100030975&mcid=500020&playurlVersion=WX-A1-9.9.2-SNAPSHOT&userid=&jmhm=&videocodec=h264&appCode=miguvideo_android&bean=mgspad&tid=android&conFee=0&encrypt=aec01f6ebb9df280a561ed098487bdec
   速度: 7311.52KB/s | 数据量: 7.3KB | 总耗时: 0.01s | 阈值: 120KB/s
[2026-10-07 00:55:29] ✅ 通过阈值 HTTP测速: http://hlsztemgsplive.miguvideo.com:8080/migu/kailu/chcymdy/50/20250415/index.m3u8?msisdn=20261006220311aa4c2d2038a143a58568556dcda242de&mdspid=&spid=699004&netType=0&sid=5910022176&pid=2028597139&timestamp=20261006220311&Channel_ID=0116_2600000900-99000-201600010010027&ProgramID=952383261&ParentNodeID=-99&assertID=5910022176&client_ip=171.8.79.254&SecurityKey=20261006220311&promotionId=&mvid=5900006704&mcid=500020&playurlVersion=WX-A1-9.9.2-SNAPSHOT&userid=&jmhm=&videocodec=h264&appCode=miguvideo_android&bean=mgspad&tid=android&conFee=0&encrypt=c7b9569b2564aa5abec4458086e79b3d
   速度: 7311.52KB/s | 数据量: 7.3KB | 总耗时: 0.01s | 阈值: 120KB/s
[2026-10-07 00:55:29] ✅ 通过阈值 HTTP测速: http://hlsztemgsplive.miguvideo.com:8080/wd_r2/virtuallive/5100180869/75/index.m3u8?msisdn=202610062201401d0ddf618827461dab7856d26a80bfd1&mdspid=&spid=800033&netType=0&sid=5500242089&pid=2028597139&timestamp=20261006220140&Channel_ID=0116_2600000900-99000-201600010010027&ProgramID=625703337&ParentNodeID=-99&assertID=5500242089&client_ip=171.8.79.254&SecurityKey=20261006220140&promotionId=&mvid=5100180869&mcid=500020&playurlVersion=WX-A1-9.9.2-SNAPSHOT&userid=&jmhm=&videocodec=h264&appCode=miguvideo_android&bean=mgspad&tid=android&conFee=0&encrypt=769b4ff610c7d46f87ca61f4360d7ad3
   速度: 7311.52KB/s | 数据量: 7.3KB | 总耗时: 0.02s | 阈值: 120KB/s
[2026-10-07 00:55:29] ✅ 通过阈值 HTTP测速: http://hlsztemgsplive.miguvideo.com:8080/migu/virtuallive2/5900002411/50/20210706/index.m3u8?msisdn=202610070003003a945160347e499bbe639de3f833fd57&mdspid=&spid=800033&netType=0&sid=5910019525&pid=2028597139&timestamp=20261007000300&Channel_ID=0116_2600000900-99000-201600010010027&ProgramID=713591450&ParentNodeID=-99&assertID=5910019525&client_ip=171.8.79.254&SecurityKey=20261007000300&promotionId=&mvid=5900002421&mcid=500020&playurlVersion=WX-A1-9.9.2-SNAPSHOT&userid=&jmhm=&videocodec=h264&appCode=miguvideo_android&bean=mgspad&tid=android&conFee=0&encrypt=58a0be308f883fcbbc5b8bec7a17afff
   速度: 7311.52KB/s | 数据量: 7.3KB | 总耗时: 0.01s | 阈值: 120KB/s
[2026-10-07 00:55:29] ✅ 通过阈值 HTTP测速: http://hlsztemgsplive.miguvideo.com:8080/migu/kailu/cetv1/50/20240709/index.m3u8?msisdn=202610070003003b2ece8035164c1db156f846a8147df0&mdspid=&spid=699004&netType=0&sid=5910022150&pid=2028597139&timestamp=20261007000300&Channel_ID=0116_2600000900-99000-201600010010027&ProgramID=923287154&ParentNodeID=-99&assertID=5910022150&client_ip=171.8.79.254&SecurityKey=20261007000300&promotionId=&mvid=5900006636&mcid=500020&playurlVersion=WX-A1-9.9.2-SNAPSHOT&userid=&jmhm=&videocodec=h264&appCode=miguvideo_android&bean=mgspad&tid=android&conFee=0&encrypt=c460cbdacd86f8410c64a37515a4cb1c
   速度: 7311.52KB/s | 数据量: 7.3KB | 总耗时: 0.01s | 阈值: 120KB/s
[2026-10-07 00:55:29] ✅ 通过阈值 HTTP测速: http://hlsztemgsplive.miguvideo.com:8080/migu/kailu/zgtq/50/20251103/index.m3u8?msisdn=2026100700030016defef2e31a41c7ab756316faf9696b&mdspid=&spid=600697&netType=0&sid=5910022296&pid=2028597139&timestamp=20261007000300&Channel_ID=0116_2600000900-99000-201600010010027&ProgramID=959986621&ParentNodeID=-99&assertID=5910022296&client_ip=171.8.79.254&SecurityKey=20261007000300&promotionId=&mvid=5900006772&mcid=500020&playurlVersion=WX-A1-9.9.2-SNAPSHOT&userid=&jmhm=&videocodec=h264&appCode=miguvideo_android&bean=mgspad&tid=android&conFee=0&encrypt=bd40710fbfba88e8463a297e9935dd42
   速度: 7311.52KB/s | 数据量: 7.3KB | 总耗时: 0.01s | 阈值: 120KB/s
[2026-10-07 00:55:29] ✅ 通过阈值 HTTP测速: http://hlsztemgsplive.miguvideo.com:8080/wd_r1/2018/nfmedia/nfys/1000/index.m3u8?msisdn=20261007000300405364a1ecdb47eaaf173675b71e93d9&mdspid=&spid=699054&netType=0&sid=2206173738&pid=2028597139&timestamp=20261007000300&Channel_ID=0116_2600000900-99000-201600010010027&ProgramID=614961829&ParentNodeID=-99&assertID=2206173738&client_ip=171.8.79.254&SecurityKey=20261007000300&promotionId=&mvid=2206173738&mcid=500020&playurlVersion=WX-A1-9.9.2-SNAPSHOT&userid=&jmhm=&videocodec=h264&appCode=miguvideo_android&bean=mgspad&tid=android&conFee=0&encrypt=f11cb315028ea531982b29ce0c233e58
   速度: 7311.52KB/s | 数据量: 7.3KB | 总耗时: 0.02s | 阈值: 120KB/s
[2026-10-07 00:55:29] ✅ 通过阈值 HTTP测速: http://hlsztemgsplive.miguvideo.com:8080/migu/kailu/cetv4/50/20240709/index.m3u8?msisdn=2026100700030152164b8054b146058666e62b99386679&mdspid=&spid=699004&netType=0&sid=5910022154&pid=2028597139&timestamp=20261007000301&Channel_ID=0116_2600000900-99000-201600010010027&ProgramID=923287339&ParentNodeID=-99&assertID=5910022154&client_ip=171.8.79.254&SecurityKey=20261007000301&promotionId=&mvid=5900006640&mcid=500020&playurlVersion=WX-A1-9.9.2-SNAPSHOT&userid=&jmhm=&videocodec=h264&appCode=miguvideo_android&bean=mgspad&tid=android&conFee=0&encrypt=20d080054425810e4c624e21485f76e0
   速度: 7311.52KB/s | 数据量: 7.3KB | 总耗时: 0.01s | 阈值: 120KB/s
[2026-10-07 00:55:29] ✅ 通过阈值 HTTP测速: http://hlsztemgsplive.miguvideo.com:8080/migu/kailu/cetv2/50/20240709/index.m3u8?msisdn=20261007000301657e0df5c7a74a269f1fd3a2e6c30552&mdspid=&spid=699004&netType=0&sid=5910022152&pid=2028597139&timestamp=20261007000301&Channel_ID=0116_2600000900-99000-201600010010027&ProgramID=923287211&ParentNodeID=-99&assertID=5910022152&client_ip=171.8.79.254&SecurityKey=20261007000301&promotionId=&mvid=5900006638&mcid=500020&playurlVersion=WX-A1-9.9.2-SNAPSHOT&userid=&jmhm=&videocodec=h264&appCode=miguvideo_android&bean=mgspad&tid=android&conFee=0&encrypt=36a9c97c6d88297a22e2540db6a6d9d1
   速度: 7311.52KB/s | 数据量: 7.3KB | 总耗时: 0.01s | 阈值: 120KB/s
[2026-10-07 00:55:29] ✅ 通过阈值 HTTP测速: http://hlsztemgsplive.miguvideo.com:8080/migu/kailu/sdjyws/50/20250915/index.m3u8?msisdn=20261007000301d7eba253e3d04824a465f037b84d8ce5&mdspid=&spid=600697&netType=0&sid=5910022199&pid=2028597139&timestamp=20261007000301&Channel_ID=0116_2600000900-99000-201600010010027&ProgramID=609154353&ParentNodeID=-99&assertID=5910022199&client_ip=171.8.79.254&SecurityKey=20261007000301&promotionId=&mvid=2200208305&mcid=500020&playurlVersion=WX-A1-9.9.2-SNAPSHOT&userid=&jmhm=&videocodec=h264&appCode=miguvideo_android&bean=mgspad&tid=android&conFee=0&encrypt=4ef7de672fc9c2d9de08ba33fe76dcd8
   速度: 7311.52KB/s | 数据量: 7.3KB | 总耗时: 0.01s | 阈值: 120KB/s
[2026-10-07 00:55:29] ✅ 通过阈值 HTTP测速: http://hlsztemgsplive.miguvideo.com:8080/ws_x/2018/xiongmao/HD/1000/index.m3u8?msisdn=2026100700030178f44a3f374d44edb60201fee0b0cab7&mdspid=&spid=699004&netType=0&sid=2202634723&pid=2028597139&timestamp=20261007000301&Channel_ID=0116_2600000900-99000-201600010010027&ProgramID=609158151&ParentNodeID=-99&assertID=2202634723&client_ip=171.8.79.254&SecurityKey=20261007000301&promotionId=&mvid=2202634723&mcid=500020&playurlVersion=WX-A1-9.9.2-SNAPSHOT&userid=&jmhm=&videocodec=h264&appCode=miguvideo_android&bean=mgspad&tid=android&conFee=0&encrypt=c43e47e19ddf7747e89827f5fff7f726
   速度: 7311.52KB/s | 数据量: 7.3KB | 总耗时: 0.01s | 阈值: 120KB/s
[2026-10-07 00:55:29] ✅ 通过阈值 HTTP测速: http://hlsztemgsplive.miguvideo.com:8080/envivo_x/2018/SD/xiongmao01/1000/index.m3u8?msisdn=20261007000301c687e6bbbc02444b86a566b7fca6a25f&mdspid=&spid=699004&netType=0&sid=2200200699&pid=2028597139&timestamp=20261007000301&Channel_ID=0116_2600000900-99000-201600010010027&ProgramID=608933610&ParentNodeID=-99&assertID=2200200699&client_ip=171.8.79.254&SecurityKey=20261007000301&promotionId=&mvid=2200200699&mcid=500020&playurlVersion=WX-A1-9.9.2-SNAPSHOT&userid=&jmhm=&videocodec=h264&appCode=miguvideo_android&bean=mgspad&tid=android&conFee=0&encrypt=dc5ff7f39d7ddf418e676c171abf6072
   速度: 7311.52KB/s | 数据量: 7.3KB | 总耗时: 0.01s | 阈值: 120KB/s
[2026-10-07 00:55:29] ✅ 通过阈值 HTTP测速: http://hlsztemgsplive.miguvideo.com:8080/envivo_x/2018/SD/xiongmao04/1000/index.m3u8?msisdn=20261007000302f1fceffde5094c93a6cb16aea6b9a323&mdspid=&spid=699004&netType=0&sid=2200200771&pid=2028597139&timestamp=20261007000302&Channel_ID=0116_2600000900-99000-201600010010027&ProgramID=608934721&ParentNodeID=-99&assertID=2200200771&client_ip=171.8.79.254&SecurityKey=20261007000302&promotionId=&mvid=2200200771&mcid=500020&playurlVersion=WX-A1-9.9.2-SNAPSHOT&userid=&jmhm=&videocodec=h264&appCode=miguvideo_android&bean=mgspad&tid=android&conFee=0&encrypt=6677c51d4dd4ae0ef63f967ca5730c41
   速度: 7311.52KB/s | 数据量: 7.3KB | 总耗时: 0.01s | 阈值: 120KB/s
[2026-10-07 00:55:29] ✅ 通过阈值 HTTP测速: http://hlsztemgsplive.miguvideo.com:8080/envivo_x/2018/SD/xiongmao03/1000/index.m3u8?msisdn=202610070003026e819924851d47c5aa7787dfb13d58f0&mdspid=&spid=699004&netType=0&sid=2200200738&pid=2028597139&timestamp=20261007000302&Channel_ID=0116_2600000900-99000-201600010010027&ProgramID=608934619&ParentNodeID=-99&assertID=2200200738&client_ip=171.8.79.254&SecurityKey=20261007000302&promotionId=&mvid=2200200738&mcid=500020&playurlVersion=WX-A1-9.9.2-SNAPSHOT&userid=&jmhm=&videocodec=h264&appCode=miguvideo_android&bean=mgspad&tid=android&conFee=0&encrypt=01cafe9d2e6844ff80007a50889407b2
   速度: 7311.52KB/s | 数据量: 7.3KB | 总耗时: 0.02s | 阈值: 120KB/s
[2026-10-07 00:55:29] ✅ 通过阈值 HTTP测速: http://hlsztemgsplive.miguvideo.com:8080/envivo_x/2018/SD/xiongmao02/1000/index.m3u8?msisdn=202610070003016ad18d7e99cc41ad9074edc94d2d8ed3&mdspid=&spid=699004&netType=0&sid=2200200717&pid=2028597139&timestamp=20261007000301&Channel_ID=0116_2600000900-99000-201600010010027&ProgramID=608933640&ParentNodeID=-99&assertID=2200200717&client_ip=171.8.79.254&SecurityKey=20261007000301&promotionId=&mvid=2200200717&mcid=500020&playurlVersion=WX-A1-9.9.2-SNAPSHOT&userid=&jmhm=&videocodec=h264&appCode=miguvideo_android&bean=mgspad&tid=android&conFee=0&encrypt=a8d24b33dfbcceb552ee39a2b45f9ef9
   速度: 7311.52KB/s | 数据量: 7.3KB | 总耗时: 0.03s | 阈值: 120KB/s
[2026-10-07 00:55:29] ✅ 通过阈值 HTTP测速: http://hlsztemgsplive.miguvideo.com:8080/envivo_x/2018/SD/xiongmao05/1000/index.m3u8?msisdn=20261007000302954dcf0b0c204522baa8bdfb080fe254&mdspid=&spid=699004&netType=0&sid=2200200791&pid=2028597139&timestamp=20261007000302&Channel_ID=0116_2600000900-99000-201600010010027&ProgramID=608935104&ParentNodeID=-99&assertID=2200200791&client_ip=171.8.79.254&SecurityKey=20261007000302&promotionId=&mvid=2200200791&mcid=500020&playurlVersion=WX-A1-9.9.2-SNAPSHOT&userid=&jmhm=&videocodec=h264&appCode=miguvideo_android&bean=mgspad&tid=android&conFee=0&encrypt=26893f0c4ff92572a350b29aef90932b
   速度: 7311.52KB/s | 数据量: 7.3KB | 总耗时: 0.01s | 阈值: 120KB/s
[2026-10-07 00:55:29] ✅ 通过阈值 HTTP测速: http://hlsztemgsplive.miguvideo.com:8080/envivo_x/2018/SD/xiongmao06/1000/index.m3u8?msisdn=202610070003025096a3426d7c4b2ea3ec1e7c66636574&mdspid=&spid=699004&netType=0&sid=2200200817&pid=2028597139&timestamp=20261007000302&Channel_ID=0116_2600000900-99000-201600010010027&ProgramID=608935797&ParentNodeID=-99&assertID=2200200817&client_ip=171.8.79.254&SecurityKey=20261007000302&promotionId=&mvid=2200200817&mcid=500020&playurlVersion=WX-A1-9.9.2-SNAPSHOT&userid=&jmhm=&videocodec=h264&appCode=miguvideo_android&bean=mgspad&tid=android&conFee=0&encrypt=b467aaab5dc751166ed6680ee7102ba5
   速度: 7311.52KB/s | 数据量: 7.3KB | 总耗时: 0.01s | 阈值: 120KB/s
[2026-10-07 00:55:29] ✅ 通过阈值 HTTP测速: http://hlsztemgsplive.miguvideo.com:8080/envivo_x/2018/SD/xiongmao07/1000/index.m3u8?msisdn=20261007000302c2cefb7c917a4edebff55619176f2198&mdspid=&spid=699004&netType=0&sid=2200192831&pid=2028597139&timestamp=20261007000302&Channel_ID=0116_2600000900-99000-201600010010027&ProgramID=609169286&ParentNodeID=-99&assertID=2200192831&client_ip=171.8.79.254&SecurityKey=20261007000302&promotionId=&mvid=2200192831&mcid=500020&playurlVersion=WX-A1-9.9.2-SNAPSHOT&userid=&jmhm=&videocodec=h264&appCode=miguvideo_android&bean=mgspad&tid=android&conFee=0&encrypt=ba33dbc21b6488dfd80f563c739cbc38
   速度: 7311.52KB/s | 数据量: 7.3KB | 总耗时: 0.01s | 阈值: 120KB/s
[2026-10-07 00:55:29] ✅ 通过阈值 HTTP测速: http://113.25.252.226:9901/tsfile/live/1011_1.m3u8?key=txiptv&playlive=1&authid=0
   速度: 422.85KB/s | 数据量: 0.4KB | 总耗时: 3.59s | 阈值: 120KB/s
[2026-10-07 00:55:29] ✅ 通过阈值 HTTP测速: http://hlsztemgsplive.miguvideo.com:8080/envivo_x/2018/SD/xiongmao09/1000/index.m3u8?msisdn=20261007000303b165f3544274453f899632d42c2e1556&mdspid=&spid=699004&netType=0&sid=2200192899&pid=2028597139&timestamp=20261007000303&Channel_ID=0116_2600000900-99000-201600010010027&ProgramID=609169226&ParentNodeID=-99&assertID=2200192899&client_ip=171.8.79.254&SecurityKey=20261007000303&promotionId=&mvid=2200192899&mcid=500020&playurlVersion=WX-A1-9.9.2-SNAPSHOT&userid=&jmhm=&videocodec=h264&appCode=miguvideo_android&bean=mgspad&tid=android&conFee=0&encrypt=765db150c49c3f35815a8201c2f5784e
   速度: 7311.52KB/s | 数据量: 7.3KB | 总耗时: 0.01s | 阈值: 120KB/s
[2026-10-07 00:55:29] ✅ 通过阈值 HTTP测速: http://hlsztemgsplive.miguvideo.com:8080/envivo_x/2018/SD/xiongmao08/1000/index.m3u8?msisdn=20261007000302e5cc007d0f5a4c2f86149d26cee3c7e6&mdspid=&spid=699004&netType=0&sid=2200192881&pid=2028597139&timestamp=20261007000302&Channel_ID=0116_2600000900-99000-201600010010027&ProgramID=609169287&ParentNodeID=-99&assertID=2200192881&client_ip=171.8.79.254&SecurityKey=20261007000302&promotionId=&mvid=2200192881&mcid=500020&playurlVersion=WX-A1-9.9.2-SNAPSHOT&userid=&jmhm=&videocodec=h264&appCode=miguvideo_android&bean=mgspad&tid=android&conFee=0&encrypt=5d38e307cef391db6dbcb2dd6d58d87b
   速度: 7311.52KB/s | 数据量: 7.3KB | 总耗时: 0.02s | 阈值: 120KB/s
[2026-10-07 00:55:29] ✅ 通过阈值 HTTP测速: http://hlsztemgsplive.miguvideo.com:8080/wd_r3/cctv/zuiqiangzongyi/600/index.m3u8?msisdn=20261007000303e9c307e4a9054434a1d7a25ec8fbab39&mdspid=&spid=699004&netType=0&sid=5500315654&pid=2028597139&timestamp=20261007000303&Channel_ID=0116_2600000900-99000-201600010010027&ProgramID=629942228&ParentNodeID=-99&assertID=5500315654&client_ip=171.8.79.254&SecurityKey=20261007000303&promotionId=&mvid=5101034202&mcid=500020&playurlVersion=WX-A1-9.9.2-SNAPSHOT&userid=&jmhm=&videocodec=h264&appCode=miguvideo_android&bean=mgspad&tid=android&conFee=0&encrypt=1c99190c1e14e09841968bca9bef10d4
   速度: 7311.52KB/s | 数据量: 7.3KB | 总耗时: 0.01s | 阈值: 120KB/s
[2026-10-07 00:55:29] ✅ 通过阈值 HTTP测速: http://hlsztemgsplive.miguvideo.com:8080/envivo_x/2018/SD/xiongmao10/1000/index.m3u8?msisdn=20261007000303b76ed7a073c945cb9854a3354a390967&mdspid=&spid=699004&netType=0&sid=2200192937&pid=2028597139&timestamp=20261007000303&Channel_ID=0116_2600000900-99000-201600010010027&ProgramID=609169285&ParentNodeID=-99&assertID=2200192937&client_ip=171.8.79.254&SecurityKey=20261007000303&promotionId=&mvid=2200192937&mcid=500020&playurlVersion=WX-A1-9.9.2-SNAPSHOT&userid=&jmhm=&videocodec=h264&appCode=miguvideo_android&bean=mgspad&tid=android&conFee=0&encrypt=f449901b2c4a65589dd2f3721e6ae917
   速度: 7311.52KB/s | 数据量: 7.3KB | 总耗时: 0.02s | 阈值: 120KB/s
[2026-10-07 00:55:29] ✅ 通过阈值 HTTP测速: http://hlsztemgsplive.miguvideo.com:8080/wd_r1/2018/nfmedia/jjkt/1000/index.m3u8?msisdn=202610070003031e39f574726843cbaf241de4d45d0156&mdspid=&spid=699054&netType=0&sid=2206172388&pid=2028597139&timestamp=20261007000303&Channel_ID=0116_2600000900-99000-201600010010027&ProgramID=614952364&ParentNodeID=-99&assertID=2206172388&client_ip=171.8.79.254&SecurityKey=20261007000303&promotionId=&mvid=2206172388&mcid=500020&playurlVersion=WX-A1-9.9.2-SNAPSHOT&userid=&jmhm=&videocodec=h264&appCode=miguvideo_android&bean=mgspad&tid=android&conFee=0&encrypt=bb2e6414631734b79d7b52e80a3f1efb
   速度: 7311.52KB/s | 数据量: 7.3KB | 总耗时: 0.01s | 阈值: 120KB/s
[2026-10-07 00:55:29] ✅ 通过阈值 HTTP测速: http://hlsztemgsplive.miguvideo.com:8080/wd_r3/cctv/jingdiandonghua/600/index.m3u8?msisdn=2026100700030380bbfa88d483480c85133baf07bccfdf&mdspid=&spid=699004&netType=0&sid=5500315652&pid=2028597139&timestamp=20261007000303&Channel_ID=0116_2600000900-99000-201600010010027&ProgramID=629942219&ParentNodeID=-99&assertID=5500315652&client_ip=171.8.79.254&SecurityKey=20261007000303&promotionId=&mvid=5101034205&mcid=500020&playurlVersion=WX-A1-9.9.2-SNAPSHOT&userid=&jmhm=&videocodec=h264&appCode=miguvideo_android&bean=mgspad&tid=android&conFee=0&encrypt=c61dfb550800e3b805815a82310802da
   速度: 7311.52KB/s | 数据量: 7.3KB | 总耗时: 0.02s | 阈值: 120KB/s
[2026-10-07 00:55:29] ✅ 通过阈值 HTTP测速: http://hlsztemgsplive.miguvideo.com:8080/migu/virtuallive2/5900002409/50/20210706/index.m3u8?msisdn=20261007000303ac4b4a30a5a843c3ad4b244e1dc1ebbe&mdspid=&spid=800033&netType=0&sid=5910019523&pid=2028597139&timestamp=20261007000303&Channel_ID=0116_2600000900-99000-201600010010027&ProgramID=713589837&ParentNodeID=-99&assertID=5910019523&client_ip=171.8.79.254&SecurityKey=20261007000303&promotionId=&mvid=5900002419&mcid=500020&playurlVersion=WX-A1-9.9.2-SNAPSHOT&userid=&jmhm=&videocodec=h264&appCode=miguvideo_android&bean=mgspad&tid=android&conFee=0&encrypt=ad74dee52453205ad58e66b464745d48
   速度: 7311.52KB/s | 数据量: 7.3KB | 总耗时: 0.01s | 阈值: 120KB/s
[2026-10-07 00:55:29] ✅ 通过阈值 HTTP测速: http://hlsztemgsplive.miguvideo.com:8080/migu/kailu/ydcmc/50/20251225/index.m3u8?msisdn=202610070003041eda8dfa121047ba8df13905cee60ff0&mdspid=&spid=600697&netType=0&sid=5910022344&pid=2028597139&timestamp=20261007000304&Channel_ID=0116_2600000900-99000-201600010010027&ProgramID=961930369&ParentNodeID=-99&assertID=5910022344&client_ip=171.8.79.254&SecurityKey=20261007000304&promotionId=&mvid=5900006785&mcid=500020&playurlVersion=WX-A1-9.9.2-SNAPSHOT&userid=&jmhm=&videocodec=h264&appCode=miguvideo_android&bean=mgspad&tid=android&conFee=0&encrypt=d366eb6fa593c4a45544b16cf28c48be
   速度: 7311.52KB/s | 数据量: 7.3KB | 总耗时: 0.01s | 阈值: 120KB/s
[2026-10-07 00:55:29] ✅ 通过阈值 HTTP测速: http://hlsztemgsplive.miguvideo.com:8080/migu/kailu/zhtc/50/20251103/index.m3u8?msisdn=2026100700030499304656930f4e9ebfaa78536ceda7a6&mdspid=&spid=600697&netType=0&sid=5910022295&pid=2028597139&timestamp=20261007000304&Channel_ID=0116_2600000900-99000-201600010010027&ProgramID=959986618&ParentNodeID=-99&assertID=5910022295&client_ip=171.8.79.254&SecurityKey=20261007000304&promotionId=&mvid=5900006771&mcid=500020&playurlVersion=WX-A1-9.9.2-SNAPSHOT&userid=&jmhm=&videocodec=h264&appCode=miguvideo_android&bean=mgspad&tid=android&conFee=0&encrypt=9c81ee156a1e9a74b1121a3db3c87b48
   速度: 7311.52KB/s | 数据量: 7.3KB | 总耗时: 0.03s | 阈值: 120KB/s
[2026-10-07 00:55:29] ✅ 通过阈值 HTTP测速: http://hlsztemgsplive.miguvideo.com:8080/migu/kailu/hqly/50/20250915/index.m3u8?msisdn=20261007000304d4c396f99f7740f9bc9ef618fa5ba652&mdspid=&spid=600697&netType=0&sid=5910022200&pid=2028597139&timestamp=20261007000304&Channel_ID=0116_2600000900-99000-201600010010027&ProgramID=958475356&ParentNodeID=-99&assertID=5910022200&client_ip=171.8.79.254&SecurityKey=20261007000304&promotionId=&mvid=5900006723&mcid=500020&playurlVersion=WX-A1-9.9.2-SNAPSHOT&userid=&jmhm=&videocodec=h264&appCode=miguvideo_android&bean=mgspad&tid=android&conFee=0&encrypt=f9803c0ea1441c7734d0100bf58f60ae
   速度: 7311.52KB/s | 数据量: 7.3KB | 总耗时: 0.04s | 阈值: 120KB/s
[2026-10-07 00:55:29] ✅ 通过阈值 HTTP测速: http://rbmn-live.akamaized.net/hls/live/590964/BoRB-AT/master_6660.m3u8
   速度: 5136.72KB/s | 数据量: 5.1KB | 总耗时: 0.13s | 阈值: 120KB/s
[2026-10-07 00:55:29] ✅ 通过阈值 HTTP测速: http://ali-xwl.cztv.com/live/channel01720Plxw.m3u8
   速度: 474.61KB/s | 数据量: 0.5KB | 总耗时: 0.79s | 阈值: 120KB/s
[2026-10-07 00:55:29] ✅ 通过阈值 HTTP测速: http://107.150.60.122/live/chcjt.m3u8
   速度: 195.31KB/s | 数据量: 0.2KB | 总耗时: 0.06s | 阈值: 120KB/s
[2026-10-07 00:55:29] ✅ 通过阈值 HTTP测速: http://198.204.228.26/live/chcjt.m3u8
   速度: 195.31KB/s | 数据量: 0.2KB | 总耗时: 0.06s | 阈值: 120KB/s
[2026-10-07 00:55:29] ✅ 通过阈值 HTTP测速: http://192.151.150.154/live/chcjt.m3u8
   速度: 195.31KB/s | 数据量: 0.2KB | 总耗时: 0.06s | 阈值: 120KB/s
[2026-10-07 00:55:29] ✅ 通过阈值 HTTP测速: http://38.75.136.137:98/gslb/dsdqpub/chchd.m3u8?auth=testpub
   速度: 195.31KB/s | 数据量: 0.2KB | 总耗时: 0.12s | 阈值: 120KB/s
[2026-10-07 00:55:30] 🚫 未达阈值 HTTP测速: http://122.152.202.33/s/81a8a44f/index.m3u8?id=53
   速度: 0.00KB/s | 数据量: 0.0KB | 总耗时: 0.51s | 阈值: 120KB/s
[2026-10-07 00:55:30] ✅ HTTPS测速成功: https://d1k6kax80wecy5.cloudfront.net/RLnAKY/index.m3u8
   速度: 237.30KB/s | 数据量: 0.2KB | 总耗时: 0.62s | 证书: 有效
[2026-10-07 00:55:30] ✅ 通过阈值 HTTP测速: http://live-hls-web-aja.getaj.net/AJA/02.m3u8
   速度: 375.98KB/s | 数据量: 0.4KB | 总耗时: 0.53s | 阈值: 120KB/s
[2026-10-07 00:55:30] 🚫 未达阈值 HTTP测速: http://222.128.55.152:9080/live/hy.m3u8
   速度: 0.33KB/s | 数据量: 0.1KB | 总耗时: 0.79s | 阈值: 120KB/s
[2026-10-07 00:55:30] ✅ HTTPS测速成功: https://hkstv.tv/api/m3u8-proxy?url=http%3A%2F%2Fwebcast.hkstv.tv%2Flivestream%2Fmutfysrq%2Fplaylist.m3u8
   速度: 114.26KB/s | 数据量: 0.1KB | 总耗时: 1.19s | 证书: 有效
[2026-10-07 00:55:30] ✅ HTTPS测速成功: https://i.mjh.nz/SamsungTVPlus/GBBD1100012JB.m3u8
   速度: 142.58KB/s | 数据量: 0.1KB | 总耗时: 0.51s | 证书: 有效
[2026-10-07 00:55:30] ✅ 通过阈值 HTTP测速: http://113.25.252.226:9901/tsfile/live/1040_1.m3u8?key=txiptv&playlive=1&authid=0
   速度: 422.85KB/s | 数据量: 0.4KB | 总耗时: 2.48s | 阈值: 120KB/s
[2026-10-07 00:55:30] ✅ HTTPS测速成功: https://event.pull.hebtv.com/jishi/cp2.m3u8
   速度: 319.34KB/s | 数据量: 0.3KB | 总耗时: 4.95s | 证书: 有效
[2026-10-07 00:55:30] ✅ HTTPS测速成功: https://cdn-4.pishow.tv/live/1473/master.m3u8
   速度: 152.34KB/s | 数据量: 0.2KB | 总耗时: 0.78s | 证书: 有效
[2026-10-07 00:55:31] ✅ HTTPS测速成功: https://hwapi.yntv.net/ew265l/z1z6s5.m3u8
   速度: 266.60KB/s | 数据量: 0.3KB | 总耗时: 2.07s | 证书: 无效
[2026-10-07 00:55:35] ✅ HTTPS测速成功: https://alimov2.a.kwimgs.com/upic/2023/01/13/22/BMjAyMzAxMTMyMjEwMDNfNDAzMDAxOTlfOTM1MTIzMzYxNTJfMF8z_b_Bd841eae10ab1c9955ef55fbedfae6c45.mp4
   速度: 10604.75KB/s | 数据量: 250880.0KB | 总耗时: 23.83s | 证书: 有效
